A,B,C,D,E,F,G,H,I,J
1764361302.9803329,56,True,False,False,17,False,2,False,False
1764361305.790687,58,True,False,False,16,False,2,False,False
1764361309.3520646,61,True,False,False,16,False,2,False,False
1764361312.7775233,63,True,False,False,15,False,2,False,False
1764361315.6347218,65,True,False,False,15,False,2,False,False
1764361319.7952254,67,True,False,False,14,False,2,False,False
1764361322.6637034,69,True,False,False,14,False,2,False,False
1764361325.1073458,71,True,False,False,13,False,2,False,False
1764361328.0107298,73,True,False,False,13,False,2,False,False
1764361331.3300402,75,True,False,False,13,False,2,False,False
1764361335.1499577,77,True,False,False,12,False,2,False,False
1764361338.5415854,80,False,False,False,12,False,2,False,False
1764361341.508539,80,False,False,False,11,False,2,False,False
1764361344.3183148,80,False,False,False,14,False,0,False,False
1764361347.8241854,80,False,False,False,13,False,0,False,False
1764361350.3456745,80,False,False,False,13,False,0,False,False
1764361353.2435262,80,False,False,False,12,False,0,False,False
1764361356.8817692,80,False,False,False,12,False,0,False,False
1764361359.8257453,80,False,False,False,12,False,0,False,False
1764361364.831911,80,False,False,False,11,False,0,False,False
1764361367.5707054,80,False,False,False,11,False,0,False,False
1764361370.7803662,80,False,False,False,10,True,0,False,False
1764361374.2294636,79,False,True,True,10,True,0,False,False
1764361378.2400799,77,False,True,True,13,True,0,False,False
1764361381.7157793,75,False,True,True,14,True,0,False,False
1764361384.4734437,73,False,True,True,15,True,0,False,False
1764361387.8218484,71,False,True,True,16,True,0,False,False
1764361391.45077,69,False,True,True,18,True,1,False,False
1764361394.1237984,68,False,True,True,19,True,1,False,False
1764361397.0596511,66,False,True,True,20,False,1,False,False
1764361400.349336,66,False,False,False,20,False,1,False,False
1764361403.248668,66,False,False,False,19,False,1,False,False
1764361406.067042,66,False,False,False,19,False,1,False,False
1764361408.8293905,66,False,False,False,19,False,1,False,False
1764361412.2238388,66,False,False,False,18,False,1,False,False
1764361414.7867134,66,False,False,False,18,False,1,False,False
1764361418.5628273,66,False,False,False,17,False,1,False,False
1764361421.5964398,66,False,False,False,17,False,1,False,False
1764361424.600199,66,False,False,False,16,False,1,False,False
1764361428.4204557,66,False,False,False,16,False,1,False,False
1764361432.1744883,66,False,False,False,15,False,1,False,False
1764361434.9271657,66,False,False,False,15,False,1,False,False
1764361438.9858873,66,False,False,False,14,False,1,False,False
1764361442.9261894,66,False,False,False,14,False,1,False,False
1764361446.2329624,66,False,False,False,13,False,1,False,False
1764361449.244833,66,False,False,False,13,False,1,False,False
1764361452.2679849,66,False,False,False,12,False,1,False,False
1764361455.140267,66,False,False,False,12,False,1,False,False
1764361457.5698328,66,False,False,False,12,False,2,False,False
1764361461.3384447,66,False,False,False,11,False,2,False,False
1764361465.1242766,66,False,False,False,11,False,2,False,False
1764361468.6732056,66,False,False,False,10,True,2,False,False
1764361472.2584686,66,False,True,True,10,True,2,False,False
1764361474.970891,65,False,True,True,11,True,2,False,False
1764361478.255299,63,False,True,True,12,True,2,False,False
1764361481.1305695,62,False,True,True,13,True,2,False,False
1764361483.5732098,60,False,True,True,14,True,2,False,False
1764361486.5264058,59,False,True,True,15,True,2,False,False
1764361490.1742232,57,False,True,True,17,True,2,False,False
1764361493.1873686,56,False,True,True,17,True,2,False,False
1764361495.8642166,54,False,True,True,18,True,2,False,False
1764361498.776492,53,False,True,True,19,True,2,False,False
1764361501.792193,52,False,True,True,20,False,2,False,False
1764361505.736854,51,False,False,False,20,False,2,False,False
1764361509.408912,51,False,False,False,19,False,2,False,False
1764361512.6780524,51,False,False,False,19,False,2,False,False
1764361515.8721905,51,False,False,False,18,False,2,False,False
1764361518.457865,51,False,False,False,18,False,2,False,False
1764361521.6496081,51,False,False,False,17,False,2,False,False
1764361526.9087696,51,False,False,False,17,False,2,False,False
1764361529.5148618,51,False,False,False,19,False,0,False,False
1764361532.3346772,51,False,False,False,18,False,0,False,False
1764361535.5819707,51,False,False,False,18,False,0,False,False
1764361538.208384,51,False,False,False,17,False,0,False,False
1764361541.1622097,51,False,False,False,17,False,0,False,False
1764361544.3505144,51,False,False,False,17,False,0,False,False
1764361547.901914,51,False,False,False,16,False,0,False,False
1764361551.4067793,51,False,False,False,16,False,0,False,False
1764361554.086564,51,False,False,False,15,False,0,False,False
1764361557.8504949,51,False,False,False,15,False,0,False,False
1764361560.6236386,51,False,False,False,14,False,0,False,False
1764361563.7701983,51,False,False,False,14,False,0,False,False
1764361567.2083886,51,False,False,False,13,False,0,False,False
1764361570.415334,51,False,False,False,13,False,1,False,False
1764361573.6784332,51,False,False,False,12,False,1,False,False
1764361576.688929,51,False,False,False,12,False,1,False,False
1764361579.592312,51,False,False,False,12,False,1,False,False
1764361582.1970017,51,False,False,False,11,False,1,False,False
1764361585.4869633,51,False,False,False,11,False,1,False,False
1764361588.4385638,51,False,False,False,11,False,1,False,False
1764361592.4077215,51,False,True,True,10,True,1,False,False
1764361595.745218,50,False,True,True,11,True,1,False,False
1764361599.365372,48,False,True,True,12,True,1,False,False
1764361602.9287248,47,False,True,True,13,True,1,False,False
1764361605.9055216,45,False,True,True,14,True,1,False,False
1764361609.119134,44,False,True,True,15,True,1,False,False
1764361613.1672833,42,False,True,True,16,True,1,False,False
1764361615.5162659,41,False,True,True,17,True,1,False,False
1764361618.886725,40,True,True,True,18,True,1,False,False
1764361621.4826632,41,True,True,True,19,True,1,False,False
1764361624.4157133,42,True,True,True,19,True,1,False,False
1764361627.4444873,42,True,False,False,20,False,1,False,False
1764361630.5105498,44,True,False,False,20,False,1,False,False
1764361633.0662103,46,True,False,False,19,False,1,False,False
1764361636.1590538,48,True,False,False,19,False,1,False,False
1764361638.8176389,50,True,False,False,19,False,1,False,False
1764361642.3034089,52,True,False,False,18,False,2,False,False
1764361645.7724733,54,True,False,False,17,False,2,False,False
1764361648.866207,56,True,False,False,17,False,2,False,False
1764361651.3162014,57,True,False,False,17,False,2,False,False
1764361654.8244736,60,True,False,False,16,False,2,False,False
1764361657.5335727,61,True,False,False,16,False,2,False,False
1764361659.7572963,63,True,False,False,15,False,2,False,False
1764361662.7184744,65,True,False,False,15,False,2,False,False
1764361665.9036827,67,True,False,False,15,False,2,False,False
1764361668.8896036,69,True,False,False,14,False,2,False,False
1764361672.009165,71,True,False,False,14,False,2,False,False
1764361674.6662374,72,True,False,False,13,False,2,False,False
1764361677.668099,74,True,False,False,13,False,2,False,False
1764361680.2696884,76,True,False,False,13,False,2,False,False
1764361683.6432002,79,True,False,False,12,False,2,False,False
1764361687.2446733,80,False,False,False,12,False,2,False,False
1764361691.0558476,80,False,False,False,11,False,2,False,False
1764361694.4672022,80,False,False,False,11,False,2,False,False
1764361698.1380203,80,False,False,False,10,True,2,False,False
1764361700.9358435,80,False,False,False,10,True,2,False,False
1764361704.9553432,79,False,True,True,11,True,2,False,False
1764361707.8127177,77,False,True,True,12,True,2,False,False
1764361710.7956426,76,False,True,True,13,True,2,False,False
1764361713.5963986,74,False,True,True,15,True,2,False,False
1764361716.2094398,73,False,True,True,17,True,1,True,False
1764361718.5580564,72,False,True,True,19,True,0,False,False
1764361722.230481,69,False,True,True,20,False,0,False,False
1764361726.0163198,69,False,False,False,20,False,0,False,False
1764361729.796451,69,False,False,False,20,False,0,False,False
1764361732.443004,69,False,False,False,19,False,0,False,False
1764361736.7182097,69,False,False,False,19,False,0,False,False
1764361739.9990551,69,False,False,False,18,False,0,False,False
1764361744.4324672,69,False,False,False,17,False,0,False,False
1764361746.8650737,69,False,False,False,17,False,0,False,False
1764361750.1169164,69,False,False,False,17,False,0,False,False
1764361753.5493631,69,False,False,False,16,False,1,False,False
1764361756.99265,69,False,False,False,16,False,1,False,False
1764361760.3149238,69,False,False,False,15,False,1,False,False
1764361764.032887,69,False,False,False,15,False,1,False,False
1764361767.0020046,69,False,False,False,14,False,1,False,False
1764361770.2046485,69,False,False,False,14,False,1,False,False
1764361773.6989582,69,False,False,False,13,False,1,False,False
1764361777.0061169,69,False,False,False,13,False,1,False,False
1764361780.450727,69,False,False,False,12,False,1,False,False
1764361783.8946023,69,False,False,False,12,False,1,False,False
1764361786.852999,69,False,False,False,11,False,1,False,False
1764361789.3437757,69,False,False,False,11,False,1,False,False
1764361792.2003329,69,False,False,False,11,False,1,False,False
1764361795.5307395,69,False,False,False,11,False,1,False,False
1764361799.0194695,68,False,True,True,11,True,1,False,False
1764361802.3249805,67,False,True,True,12,True,1,False,False
1764361805.4613833,65,False,True,True,13,True,1,False,False
1764361808.6169457,64,False,True,True,14,True,1,False,False
1764361811.7569377,62,False,True,True,16,True,1,False,False
1764361814.3091078,61,False,True,True,16,True,1,False,False
1764361817.4280646,59,False,True,True,17,True,1,False,False
1764361820.4527483,58,False,True,True,18,True,1,False,False
1764361824.0493827,56,False,True,True,20,False,1,False,False
1764361827.531958,54,False,False,False,21,False,2,False,False
1764361830.6103776,54,False,False,False,21,False,2,False,False
1764361833.806201,54,False,False,False,20,False,2,False,False
1764361837.358364,54,False,False,False,20,False,2,False,False
1764361841.7844822,54,False,False,False,19,False,2,False,False
1764361844.7238088,54,False,False,False,18,False,2,False,False
1764361848.1066217,54,False,False,False,18,False,2,False,False
1764361851.0788615,54,False,False,False,17,False,2,False,False
1764361854.3142421,54,False,False,False,17,False,2,False,False
1764361856.7199092,54,False,False,False,17,False,2,False,False
1764361860.0729005,54,False,False,False,16,False,2,False,False
1764361863.211888,54,False,False,False,16,False,2,False,False
1764361866.453006,54,False,False,False,15,False,2,False,False
1764361868.9324393,54,False,False,False,15,False,2,False,False
1764361872.2847173,54,False,False,False,14,False,2,False,False
1764361876.3347,54,False,False,False,14,False,2,False,False
1764361879.7471254,54,False,False,False,13,False,2,False,False
1764361882.7217307,54,False,False,False,13,False,2,False,False
1764361885.7915533,54,False,False,False,12,False,2,False,False
1764361889.3019962,54,False,False,False,12,False,2,False,False
1764361892.3526123,54,False,False,False,12,False,2,False,False
1764361895.489377,54,False,False,False,11,False,1,True,False
1764361897.9483073,54,False,False,False,14,False,0,False,False
1764361900.5972216,54,False,False,False,13,False,0,False,False
1764361904.1689432,54,False,False,False,13,False,0,False,False
1764361907.292546,54,False,False,False,12,False,0,False,False
1764361911.0795372,54,False,False,False,12,False,0,False,False
1764361914.2124348,54,False,False,False,11,False,0,False,False
1764361917.7954934,54,False,False,False,11,False,0,False,False
1764361922.1449633,54,False,False,False,10,True,0,False,False
1764361924.8733604,53,False,True,True,11,True,0,False,False
1764361927.8191888,52,False,True,True,12,True,0,False,False
1764361931.034329,50,False,True,True,13,True,0,False,False
1764361933.5242422,49,False,True,True,14,True,0,False,False
1764361936.1606746,48,False,True,True,15,True,0,False,False
1764361938.9883003,46,False,True,True,16,True,0,False,False
1764361941.530499,45,False,True,True,16,True,1,False,False
1764361944.1694295,44,False,True,True,17,True,1,False,False
1764361946.5495327,43,False,True,True,18,True,1,False,False
1764361948.679339,42,False,True,True,18,True,1,False,False
1764361951.430022,41,False,True,True,19,True,1,False,False
1764361953.9259412,40,True,True,True,20,False,1,False,False
1764361956.0557938,41,True,True,True,20,False,1,False,False
1764361958.8823116,41,True,False,False,21,False,1,False,False
1764361961.588062,43,True,False,False,20,False,1,False,False
1764361964.3824866,45,True,False,False,20,False,1,False,False
1764361967.782995,47,True,False,False,19,False,1,False,False
1764361970.7272604,49,True,False,False,19,False,1,False,False
1764361973.0692225,51,True,False,False,18,False,1,False,False
1764361976.5345628,53,True,False,False,18,False,1,False,False
1764361979.7677543,55,True,False,False,17,False,1,False,False
1764361984.5027297,58,True,False,False,17,False,1,False,False
1764361987.310666,60,True,False,False,16,False,1,False,False
1764361990.6394644,62,True,False,False,16,False,1,False,False
1764361993.8842762,64,True,False,False,15,False,1,False,False
1764361997.3370383,67,True,False,False,15,False,1,False,False
1764362001.1365294,69,True,False,False,14,False,1,False,False
1764362004.572282,71,True,False,False,14,False,1,False,False
1764362007.1504445,73,True,False,False,13,False,2,False,False
1764362009.9493804,75,True,False,False,13,False,2,False,False
1764362013.3178527,77,True,False,False,13,False,2,False,False
1764362016.5765154,79,True,False,False,12,False,2,False,False
1764362019.3582268,80,False,False,False,12,False,2,False,False
1764362023.074548,80,False,False,False,11,False,2,False,False
1764362026.4950662,80,False,False,False,11,False,2,False,False
1764362029.0450234,80,False,False,False,11,False,2,False,False
1764362032.416258,80,False,False,False,10,True,2,False,False
1764362035.4412582,79,False,True,True,11,True,2,False,False
1764362038.7782853,77,False,True,True,12,True,2,False,False
1764362042.4660535,75,False,True,True,14,True,2,False,False
1764362045.5967972,73,False,True,True,15,True,2,False,False
1764362049.3355687,71,False,True,True,17,True,2,False,False
1764362052.2622836,69,False,True,True,18,True,2,False,False
1764362055.984575,68,False,True,True,19,False,2,False,False
1764362058.4981887,66,False,False,False,20,False,2,False,False
1764362061.6170902,66,False,False,False,20,False,2,False,False
1764362065.1156886,66,False,False,False,19,False,2,False,False
1764362067.730603,66,False,False,False,19,False,2,False,False
1764362071.430142,66,False,False,False,18,False,2,False,False
1764362074.8014908,66,False,False,False,18,False,2,False,False
1764362078.081738,66,False,False,False,17,False,3,True,False
1764362081.413901,66,False,False,False,19,False,0,False,False
1764362084.7144742,66,False,False,False,19,False,0,False,False
1764362087.436802,66,False,False,False,18,False,0,False,False
1764362091.493973,66,False,False,False,18,False,0,False,False
1764362094.1703124,66,False,False,False,17,False,0,False,False
1764362097.58398,66,False,False,False,17,False,0,False,False
1764362101.1055343,66,False,False,False,16,False,0,False,False
1764362104.727136,66,False,False,False,16,False,0,False,False
1764362107.94997,66,False,False,False,15,False,0,False,False
1764362110.8476646,66,False,False,False,15,False,0,False,False
1764362114.1198447,66,False,False,False,14,False,0,False,False
1764362117.496932,66,False,False,False,14,False,0,False,False
1764362120.8134444,66,False,False,False,14,False,1,False,False
1764362124.481846,66,False,False,False,13,False,1,False,False
1764362127.9052162,66,False,False,False,13,False,1,False,False
1764362131.1922164,66,False,False,False,12,False,1,False,False
1764362134.5991504,66,False,False,False,12,False,1,False,False
1764362138.711107,66,False,False,False,11,False,1,False,False
1764362141.4576855,66,False,False,False,11,False,1,False,False
1764362145.8157969,66,False,False,False,10,True,1,False,False
1764362148.8557956,66,False,True,True,10,True,1,False,False
1764362151.6383567,64,False,True,True,11,True,1,False,False
1764362154.80301,63,False,True,True,12,True,1,False,False
1764362158.0935497,61,False,True,True,14,True,1,False,False
1764362161.8723848,59,False,True,True,15,True,1,False,False
1764362166.0776813,57,False,True,True,17,True,1,False,False
1764362169.7581024,55,False,True,True,18,True,1,False,False
1764362173.9462607,53,False,True,True,19,True,1,False,False
1764362176.9236996,52,False,True,True,20,False,1,False,False
1764362179.0673668,51,False,False,False,20,False,1,False,False
1764362182.341149,51,False,False,False,20,False,1,False,False
1764362184.6732306,51,False,False,False,20,False,1,False,False
1764362187.6121013,51,False,False,False,19,False,1,False,False
1764362190.6781204,51,False,False,False,19,False,2,False,False
1764362194.125991,51,False,False,False,18,False,2,False,False
1764362197.958845,51,False,False,False,18,False,2,False,False
1764362201.2476459,51,False,False,False,17,False,2,False,False
1764362204.7710488,51,False,False,False,17,False,2,False,False
1764362208.4250865,51,False,False,False,16,False,2,False,False
1764362211.5955756,51,False,False,False,16,False,2,False,False
1764362215.0934901,51,False,False,False,15,False,2,False,False
1764362218.4358118,51,False,False,False,15,False,2,False,False
1764362221.971751,51,False,False,False,14,False,2,False,False
1764362225.2783537,51,False,False,False,14,False,2,False,False
1764362229.0513248,51,False,False,False,13,False,2,False,False
1764362231.9885032,51,False,False,False,13,False,2,False,False
1764362235.5251298,51,False,False,False,12,False,2,False,False
1764362239.9264557,51,False,False,False,12,False,2,False,False
1764362243.973185,51,False,False,False,11,False,2,False,False
1764362246.8491209,51,False,False,False,11,False,2,False,False
1764362249.4675915,51,False,False,False,11,False,2,False,False
1764362252.2267454,51,False,False,False,10,True,2,False,False
1764362254.489266,51,False,True,True,10,True,2,False,False
1764362257.3190622,49,False,True,True,11,True,2,False,False
1764362260.4061344,48,False,True,True,12,True,2,False,False
1764362263.832887,47,False,True,True,13,True,2,True,False
1764362267.5592747,45,False,True,True,17,True,0,False,False
1764362271.4810917,43,False,True,True,18,True,0,False,False
1764362274.720653,42,False,True,True,19,True,0,False,False
1764362278.2074213,41,False,False,False,20,False,0,False,False
1764362281.2800715,41,True,False,False,20,False,0,False,False
1764362283.8914602,43,True,False,False,19,False,0,False,False
1764362287.5563886,46,True,False,False,19,False,0,False,False
1764362290.6099014,48,True,False,False,18,False,0,False,False
1764362292.8112493,49,True,False,False,18,False,0,False,False
1764362296.2378118,51,True,False,False,17,False,0,False,False
1764362299.124497,53,True,False,False,17,False,0,False,False
1764362301.689233,55,True,False,False,16,False,0,False,False
1764362305.8744512,58,True,False,False,16,False,1,False,False
1764362308.893239,60,True,False,False,15,False,1,False,False
1764362312.5745194,62,True,False,False,15,False,1,False,False
1764362315.0858204,63,True,False,False,15,False,1,False,False
1764362318.112624,65,True,False,False,14,False,1,False,False
1764362321.1630654,67,True,False,False,14,False,1,False,False
1764362324.3125408,69,True,False,False,13,False,1,False,False
1764362327.9487936,72,True,False,False,13,False,1,False,False
1764362330.7607977,74,True,False,False,12,False,1,False,False
1764362333.7282293,76,True,False,False,12,False,1,False,False
1764362338.359104,78,True,False,False,11,False,1,False,False
1764362343.386508,80,False,False,False,11,False,1,False,False
1764362346.206164,80,False,False,False,11,True,1,False,False
1764362349.8035972,79,False,True,True,11,True,1,False,False
1764362353.9866452,77,False,True,True,12,True,1,False,False
1764362357.8918066,75,False,True,True,14,True,1,False,False
1764362360.8857427,73,False,True,True,15,True,1,False,False
1764362366.9785244,70,False,True,True,18,True,1,False,False
1764362370.2818646,68,False,True,True,19,True,1,False,False
1764362375.233745,66,False,False,False,20,False,2,False,False
1764362379.2333357,66,False,False,False,20,False,2,False,False
1764362382.3425899,66,False,False,False,19,False,2,False,False
1764362387.1227882,66,False,False,False,18,False,2,False,False
1764362391.216023,66,False,False,False,18,False,2,False,False
1764362395.992393,66,False,False,False,17,False,2,False,False
1764362401.1533232,66,False,False,False,16,False,2,False,False
1764362406.8308525,66,False,False,False,15,False,2,False,False
1764362410.5520914,66,False,False,False,15,False,2,False,False
1764362414.7686622,66,False,False,False,14,False,2,False,False
1764362420.0854478,66,False,False,False,14,False,2,False,False
1764362423.610823,66,False,False,False,13,False,2,False,False
1764362426.9117165,66,False,False,False,13,False,2,False,False
1764362430.6131132,66,False,False,False,12,False,2,False,False
1764362434.8464398,66,False,False,False,12,False,2,False,False
1764362438.2695525,66,False,False,False,11,False,2,False,False
1764362441.1002002,66,False,False,False,11,False,2,False,False
1764362446.0091515,66,False,False,False,10,True,2,False,False
1764362449.9998045,65,False,True,True,13,True,0,False,False
1764362454.4124885,63,False,True,True,15,True,0,False,False
1764362459.41537,61,False,True,True,17,True,0,False,False
1764362462.1955423,59,False,True,True,17,True,0,False,False
1764362466.000445,57,False,True,True,19,True,0,False,False
1764362468.5678546,56,False,True,True,20,False,0,False,False
1764362471.9189472,54,False,True,True,21,False,0,False,False
1764362475.7182884,53,False,False,False,21,False,0,False,False
1764362479.684355,53,False,False,False,20,False,0,False,False
1764362483.0680368,53,False,False,False,20,False,0,False,False
1764362488.3069232,53,False,False,False,19,False,1,False,False
1764362493.315825,53,False,False,False,18,False,1,False,False
1764362497.185993,53,False,False,False,18,False,1,False,False
1764362501.4041572,53,False,False,False,17,False,1,False,False
1764362505.0043995,53,False,False,False,16,False,1,False,False
1764362509.9405415,53,False,False,False,16,False,1,False,False
1764362514.7213643,53,False,False,False,15,False,1,False,False
1764362517.898706,53,False,False,False,15,False,1,False,False
1764362522.1635313,53,False,False,False,14,False,1,False,False
1764362526.737825,53,False,False,False,13,False,1,False,False
1764362531.6520457,53,False,False,False,13,False,1,False,False
1764362535.8516564,53,False,False,False,12,False,1,False,False
1764362540.0245514,53,False,False,False,12,False,1,False,False
1764362544.1415663,53,False,False,False,11,False,1,False,False
1764362549.4246993,53,False,False,False,11,True,1,False,False
1764362553.7300997,53,False,True,True,10,True,1,False,False
1764362559.5331385,51,False,True,True,12,True,2,False,False
1764362563.218147,49,False,True,True,13,True,2,False,False
1764362567.67431,47,False,True,True,15,True,2,False,False
1764362571.6645124,45,False,True,True,16,True,2,False,False
1764362577.255711,43,False,True,True,17,True,2,False,False
1764362580.0507605,42,False,True,True,18,True,2,False,False
1764362583.2065823,40,True,True,True,19,True,2,False,False
1764362587.5870214,41,True,True,True,20,False,2,False,False
1764362592.0461426,44,True,False,False,20,False,2,False,False
1764362596.2014508,46,True,False,False,19,False,2,False,False
1764362601.4938524,50,True,False,False,18,False,2,False,False
1764362606.524325,53,True,False,False,17,False,2,False,False
1764362611.4172451,56,True,False,False,17,False,2,False,False
1764362615.7925348,59,True,False,False,16,False,2,False,False
1764362622.1517332,63,True,False,False,15,False,2,False,False
1764362626.910165,67,True,False,False,16,False,1,True,False
1764362630.4276707,68,True,False,False,17,False,0,False,False
1764362633.4667723,70,True,False,False,16,False,0,False,False
1764362637.6184447,73,True,False,False,16,False,0,False,False
1764362642.5184562,76,True,False,False,15,False,0,False,False
1764362647.6431038,80,False,False,False,14,False,0,False,False
1764362652.1172063,80,False,False,False,14,False,0,False,False
1764362658.3780317,80,False,False,False,13,False,0,False,False
1764362663.4454618,80,False,False,False,12,False,0,False,False
1764362667.311575,80,False,False,False,12,False,0,False,False
1764362669.7472353,80,False,False,False,11,False,1,False,False
1764362672.2963312,80,False,False,False,11,False,1,False,False
1764362676.2507286,80,False,False,False,11,False,1,False,False
1764362678.6124222,80,False,True,True,10,True,1,False,False
1764362681.7690756,78,False,True,True,11,True,1,False,False
1764362684.9456558,76,False,True,True,13,True,1,False,False
1764362690.0271893,73,False,True,True,15,True,1,False,False
1764362694.6807835,71,False,True,True,17,True,1,False,False
1764362699.2520645,68,False,True,True,19,True,1,False,False
1764362703.0744324,66,False,True,True,20,False,1,False,False
1764362707.6685104,66,False,False,False,20,False,1,False,False
1764362713.3304222,66,False,False,False,19,False,1,False,False
1764362716.4662387,66,False,False,False,18,False,1,False,False
1764362721.2092366,66,False,False,False,18,False,1,False,False
1764362723.7034175,66,False,False,False,17,False,1,False,False
1764362726.7291028,66,False,False,False,17,False,1,False,False
1764362729.8023942,66,False,False,False,16,False,1,False,False
1764362734.4207025,66,False,False,False,16,False,1,False,False
1764362737.315878,66,False,False,False,15,False,1,False,False
1764362741.0602145,66,False,False,False,15,False,2,False,False
1764362746.387707,66,False,False,False,14,False,2,False,False
1764362750.6475284,66,False,False,False,13,False,2,False,False
1764362755.031553,66,False,False,False,13,False,2,False,False
1764362759.9599938,66,False,False,False,12,False,2,False,False
1764362764.8180263,66,False,False,False,12,False,2,False,False
1764362768.2342558,66,False,False,False,11,False,2,False,False
1764362772.482144,66,False,False,False,11,False,2,False,False
1764362777.431272,66,False,False,False,10,True,2,False,False
1764362781.084149,65,False,True,True,11,True,2,False,False
1764362783.601336,64,False,True,True,12,True,2,False,False
1764362786.7571998,62,False,True,True,13,True,2,False,False
1764362790.8520336,60,False,True,True,15,True,2,False,False
1764362794.5880837,58,False,True,True,16,True,2,False,False
1764362799.4248052,56,False,True,True,17,True,2,False,False
1764362803.509404,54,False,True,True,19,True,2,False,False
1764362809.20252,51,False,False,False,20,False,2,False,False
1764362812.8324623,51,False,False,False,21,False,1,True,False
1764362817.0423071,51,False,False,False,22,False,0,False,False
1764362822.259854,51,False,False,False,21,False,0,False,False
1764362825.4357307,51,False,False,False,20,False,0,False,False
1764362829.087619,51,False,False,False,20,False,0,False,False
1764362832.6614711,51,False,False,False,19,False,0,False,False
1764362838.3018448,51,False,False,False,18,False,0,False,False
1764362844.2195895,51,False,False,False,17,False,0,False,False
1764362847.1319335,51,False,False,False,17,False,0,False,False
1764362852.8650856,51,False,False,False,16,False,1,False,False
1764362857.361078,51,False,False,False,15,False,1,False,False
1764362863.097618,51,False,False,False,15,False,1,False,False
1764362866.5744312,51,False,False,False,14,False,1,False,False
1764362870.133301,51,False,False,False,14,False,1,False,False
1764362874.1874368,51,False,False,False,13,False,1,False,False
1764362878.293686,51,False,False,False,13,False,1,False,False
1764362882.9502454,51,False,False,False,12,False,1,False,False
1764362886.1345186,51,False,False,False,12,False,1,False,False
1764362889.5418746,51,False,False,False,11,False,1,False,False
1764362895.0232346,51,False,False,False,10,True,1,False,False
1764362897.025946,51,False,False,False,10,True,1,False,False
1764362901.453076,50,False,True,True,11,True,1,False,False
1764362907.119591,47,False,True,True,13,True,1,False,False
1764362910.4883246,46,False,True,True,14,True,1,False,False
1764362913.1315866,45,False,True,True,14,True,1,False,False
1764362917.2152836,43,False,True,True,16,True,1,False,False
1764362920.997318,42,False,True,True,17,True,1,False,False
1764362925.288693,41,True,True,True,18,True,2,False,False
1764362930.5845397,42,True,True,True,19,True,2,False,False
1764362934.425914,43,True,False,False,20,False,2,False,False
1764362937.7007782,45,True,False,False,20,False,2,False,False
1764362941.6613333,47,True,False,False,19,False,2,False,False
1764362946.86038,51,True,False,False,18,False,2,False,False
1764362952.4115176,55,True,False,False,17,False,2,False,False
1764362957.1215425,57,True,False,False,17,False,2,False,False
1764362961.6945224,60,True,False,False,16,False,2,False,False
1764362965.629648,63,True,False,False,15,False,2,False,False
1764362969.2779343,66,True,False,False,15,False,2,False,False
1764362971.956549,67,True,False,False,14,False,2,False,False
1764362977.47867,71,True,False,False,14,False,2,False,False
1764362981.9066281,73,True,False,False,13,False,2,False,False
1764362987.2847843,77,True,False,False,12,False,2,False,False
1764362991.8044927,80,False,False,False,12,False,2,True,False
1764362996.3266757,80,False,False,False,14,False,0,False,False
1764363000.0322294,80,False,False,False,13,False,0,False,False
1764363004.9113255,80,False,False,False,13,False,0,False,False
1764363009.9622016,80,False,False,False,12,False,0,False,False
1764363015.109654,80,False,False,False,11,False,0,False,False
1764363020.4884732,80,False,False,False,11,False,0,False,False
1764363023.8236804,80,False,True,True,10,True,0,False,False
1764363028.6279516,78,False,True,True,12,True,0,False,False
1764363032.0088887,76,False,True,True,14,True,0,False,False
1764363036.5821316,73,False,True,True,16,True,0,False,False
1764363041.6886961,70,False,True,True,18,True,1,False,False
1764363044.567605,69,False,True,True,19,True,1,False,False
1764363047.9411528,67,False,True,True,20,False,1,False,False
1764363052.1040823,66,False,False,False,20,False,1,False,False
1764363056.259803,66,False,False,False,19,False,1,False,False
1764363061.6293507,66,False,False,False,19,False,1,False,False
1764363065.0932367,66,False,False,False,18,False,1,False,False
1764363070.0380402,66,False,False,False,17,False,1,False,False
1764363075.1147106,66,False,False,False,16,False,1,False,False
1764363078.6656804,66,False,False,False,16,False,1,False,False
1764363082.3190868,66,False,False,False,15,False,1,False,False
1764363085.0131938,66,False,False,False,15,False,1,False,False
1764363089.5663445,66,False,False,False,14,False,1,False,False
1764363094.2053254,66,False,False,False,14,False,1,False,False
1764363099.2824757,66,False,False,False,13,False,1,False,False
1764363103.2604222,66,False,False,False,13,False,1,False,False
1764363108.870285,66,False,False,False,12,False,2,False,False
1764363113.2734976,66,False,False,False,11,False,2,False,False
1764363117.7562943,66,False,False,False,11,False,2,False,False
1764363121.7228954,66,False,False,False,10,True,2,False,False
1764363125.234005,66,False,True,True,10,True,2,False,False
1764363130.442337,63,False,True,True,12,True,2,False,False
1764363133.2884855,62,False,True,True,14,True,2,False,False
1764363137.187452,60,False,True,True,15,True,2,False,False
1764363140.8614912,58,False,True,True,16,True,2,False,False
1764363144.2143419,56,False,True,True,17,True,2,False,False
1764363148.0011961,54,False,True,True,19,True,2,False,False
1764363152.096875,53,False,True,True,20,False,2,False,False
1764363157.2772868,51,False,False,False,20,False,2,False,False
1764363163.0277982,51,False,False,False,19,False,2,False,False
1764363168.5742788,51,False,False,False,18,False,2,False,False
1764363172.7595515,51,False,False,False,18,False,2,False,False
1764363177.341794,51,False,False,False,18,False,1,True,False
1764363180.3131366,51,False,False,False,19,False,0,False,False
1764363183.2635722,51,False,False,False,19,False,0,False,False
1764363187.6757345,51,False,False,False,18,False,0,False,False
1764363191.895094,51,False,False,False,17,False,0,False,False
1764363196.5893466,51,False,False,False,17,False,0,False,False
1764363199.2394302,51,False,False,False,16,False,0,False,False
1764363203.6512668,51,False,False,False,16,False,0,False,False
1764363207.354943,51,False,False,False,15,False,0,False,False
1764363212.2337177,51,False,False,False,14,False,0,False,False
1764363216.9756603,51,False,False,False,14,False,1,False,False
1764363221.6055996,51,False,False,False,13,False,1,False,False
1764363225.8492951,51,False,False,False,13,False,1,False,False
1764363231.1671145,51,False,False,False,12,False,1,False,False
1764363234.6019475,51,False,False,False,11,False,1,False,False
1764363238.2174015,51,False,False,False,11,False,1,False,False
1764363244.176292,51,False,True,True,10,True,1,False,False
1764363247.0499794,50,False,True,True,11,True,1,False,False
1764363252.3384364,48,False,True,True,13,True,1,False,False
1764363257.7659674,45,False,True,True,14,True,1,False,False
1764363261.7172213,44,False,True,True,16,True,1,False,False
1764363265.8742254,42,False,True,True,17,True,1,False,False
1764363268.7823339,41,False,True,True,17,True,1,False,False
1764363272.2526503,41,True,True,True,18,True,1,False,False
1764363275.7646167,42,True,True,True,19,True,1,False,False
1764363281.267211,43,True,False,False,20,False,1,False,False
1764363285.6830537,46,True,False,False,19,False,1,False,False
1764363290.638503,50,True,False,False,19,False,2,False,False
1764363294.4067316,52,True,False,False,18,False,2,False,False
1764363299.5919986,55,True,False,False,17,False,2,False,False
1764363304.698345,59,True,False,False,16,False,2,False,False
1764363309.1263735,61,True,False,False,16,False,2,False,False
1764363312.6123,64,True,False,False,15,False,2,False,False
1764363316.5120747,66,True,False,False,15,False,2,False,False
1764363322.4133203,70,True,False,False,14,False,2,False,False
1764363326.9034903,73,True,False,False,13,False,2,False,False
1764363332.1181579,76,True,False,False,13,False,2,False,False
1764363337.576388,80,False,False,False,12,False,2,False,False
1764363340.953244,80,False,False,False,12,False,2,False,False
1764363343.6787782,80,False,False,False,11,False,2,False,False
1764363349.653634,80,False,False,False,10,True,2,False,False
1764363355.971695,80,False,True,True,11,True,2,False,False
1764363360.04356,77,False,True,True,12,True,2,False,False
1764363363.4972594,76,False,True,True,15,True,1,True,False
1764363366.9020915,73,False,True,True,18,True,0,False,False
1764363371.935017,71,False,True,True,20,False,0,False,False
1764363375.8980336,69,False,False,False,21,False,0,False,False
1764363381.328135,69,False,False,False,20,False,0,False,False
1764363386.9171147,69,False,False,False,19,False,0,False,False
1764363391.2297447,69,False,False,False,18,False,0,False,False
1764363395.542656,69,False,False,False,17,False,0,False,False
1764363399.671124,69,False,False,False,17,False,0,False,False
1764363404.4526117,69,False,False,False,16,False,1,False,False
1764363408.85431,69,False,False,False,16,False,1,False,False
1764363411.8515742,69,False,False,False,15,False,1,False,False
1764363417.4525752,69,False,False,False,14,False,1,False,False
1764363421.4106967,69,False,False,False,14,False,1,False,False
1764363424.9834564,69,False,False,False,13,False,1,False,False
1764363429.3272998,69,False,False,False,13,False,1,False,False
1764363432.5636966,69,False,False,False,12,False,1,False,False
1764363437.0872803,69,False,False,False,12,False,1,False,False
1764363441.4139822,69,False,False,False,11,False,1,False,False
1764363445.1398242,69,False,False,False,11,False,1,False,False
1764363448.3435507,69,False,False,False,10,True,1,False,False
1764363451.720522,68,False,True,True,11,True,1,False,False
1764363455.6262639,66,False,True,True,12,True,1,False,False
1764363458.1971061,65,False,True,True,13,True,1,False,False
1764363461.1270638,63,False,True,True,15,True,1,False,False
1764363465.450633,61,False,True,True,16,True,1,False,False
1764363468.8253596,59,False,True,True,17,True,1,False,False
1764363472.6164188,58,False,True,True,19,True,1,False,False
1764363477.9689636,55,False,True,True,20,False,2,False,False
1764363481.6890483,54,False,False,False,21,False,2,False,False
1764363484.2744064,54,False,False,False,20,False,2,False,False
1764363489.955094,54,False,False,False,19,False,2,False,False
1764363495.1039872,54,False,False,False,19,False,2,False,False
1764363499.5237823,54,False,False,False,18,False,2,False,False
1764363504.1171691,54,False,False,False,17,False,2,False,False
1764363508.8311393,54,False,False,False,16,False,2,False,False
1764363512.9198885,54,False,False,False,16,False,2,False,False
1764363516.6227343,54,False,False,False,15,False,2,False,False
1764363521.3486636,54,False,False,False,15,False,2,False,False
1764363524.0902183,54,False,False,False,14,False,2,False,False
1764363529.294507,54,False,False,False,14,False,2,False,False
1764363533.3150182,54,False,False,False,13,False,2,False,False
1764363538.0972764,54,False,False,False,12,False,2,False,False
1764363542.0270889,54,False,False,False,12,False,3,True,False
1764363547.4833233,54,False,False,False,14,False,0,False,False
1764363552.4892654,54,False,False,False,13,False,0,False,False
1764363557.4720922,54,False,False,False,13,False,0,False,False
1764363561.1111593,54,False,False,False,12,False,0,False,False
1764363565.1365192,54,False,False,False,12,False,0,False,False
1764363569.8043554,54,False,False,False,11,False,0,False,False
1764363576.3674824,53,False,True,True,11,True,0,False,False
1764363579.9046657,51,False,True,True,12,True,0,False,False
1764363585.3199718,49,False,True,True,14,True,0,False,False
1764363590.730004,47,False,True,True,16,True,1,False,False
1764363595.4914079,45,False,True,True,17,True,1,False,False
1764363600.7214794,42,False,True,True,18,True,1,False,False
1764363604.7115498,41,False,True,True,19,True,1,False,False
1764363608.7128747,41,True,True,True,20,False,1,False,False
1764363613.0256622,43,True,False,False,20,False,1,False,False
1764363617.0805345,46,True,False,False,20,False,1,False,False
1764363622.0402436,49,True,False,False,19,False,1,False,False
1764363627.1213868,53,True,False,False,18,False,1,False,False
1764363629.5839298,54,True,False,False,18,False,1,False,False
1764363632.9373927,56,True,False,False,17,False,1,False,False
1764363637.263946,59,True,False,False,16,False,1,False,False
1764363641.2780616,62,True,False,False,16,False,1,False,False
1764363645.4374206,64,True,False,False,15,False,1,False,False
1764363651.8412762,68,True,False,False,14,False,1,False,False
1764363657.9079008,72,True,False,False,13,False,2,False,False
1764363664.1327193,77,True,False,False,13,False,2,False,False
1764363667.3571408,79,True,False,False,12,False,2,False,False
1764363670.57826,80,False,False,False,12,False,2,False,False
1764363675.8790827,80,False,False,False,11,False,2,False,False
1764363678.8884346,80,False,False,False,11,False,2,False,False
1764363683.093191,80,False,False,False,10,True,2,False,False
1764363686.8840802,79,False,True,True,11,True,2,False,False
1764363691.1803017,76,False,True,True,13,True,2,False,False
1764363695.7071908,74,False,True,True,15,True,2,False,False
1764363701.1412973,71,False,True,True,17,True,2,False,False
1764363704.8630826,69,False,True,True,18,True,2,False,False
1764363710.7327268,66,False,False,False,20,False,2,False,False
1764363714.2271152,66,False,False,False,20,False,2,False,False
1764363718.678144,66,False,False,False,19,False,2,False,False
1764363723.7181404,66,False,False,False,18,False,2,False,False
1764363729.0614166,66,False,False,False,20,False,0,False,False
1764363733.2389042,66,False,False,False,19,False,0,False,False
1764363736.4547455,66,False,False,False,19,False,0,False,False
1764363740.4037156,66,False,False,False,18,False,0,False,False
1764363744.9640422,66,False,False,False,17,False,0,False,False
1764363748.678774,66,False,False,False,17,False,0,False,False
1764363752.9556227,66,False,False,False,16,False,0,False,False
1764363755.6891766,66,False,False,False,16,False,0,False,False
1764363760.38336,66,False,False,False,15,False,0,False,False
1764363763.570416,66,False,False,False,15,False,0,False,False
1764363768.7478087,66,False,False,False,14,False,1,False,False
1764363772.7353683,66,False,False,False,13,False,1,False,False
1764363776.684239,66,False,False,False,13,False,1,False,False
1764363781.871631,66,False,False,False,12,False,1,False,False
1764363786.305584,66,False,False,False,12,False,1,False,False
1764363789.0129223,66,False,False,False,11,False,1,False,False
1764363793.414374,66,False,False,False,11,False,1,False,False
1764363799.7981746,66,False,True,True,10,True,1,False,False
1764363804.1930714,64,False,True,True,12,True,1,False,False
1764363808.1141024,62,False,True,True,13,True,1,False,False
1764363812.4690385,60,False,True,True,15,True,1,False,False
1764363817.3527207,57,False,True,True,16,True,1,False,False
1764363822.3971848,55,False,True,True,18,True,1,False,False
1764363825.234261,53,False,True,True,19,True,1,False,False
1764363828.968567,52,False,True,True,20,False,1,False,False
1764363832.4192815,51,False,False,False,20,False,1,False,False
1764363837.3514988,51,False,False,False,19,False,1,False,False
1764363840.0500324,51,False,False,False,19,False,2,False,False
1764363843.0191276,51,False,False,False,19,False,2,False,False
1764363848.0216072,51,False,False,False,18,False,2,False,False
1764363852.7180934,51,False,False,False,17,False,2,False,False
1764363856.7071373,51,False,False,False,17,False,2,False,False
1764363860.5301244,51,False,False,False,16,False,2,False,False
1764363863.3499994,51,False,False,False,16,False,2,False,False
1764363866.1999688,51,False,False,False,15,False,2,False,False
1764363869.3773932,51,False,False,False,15,False,2,False,False
1764363872.2000537,51,False,False,False,14,False,2,False,False
1764363875.3529594,51,False,False,False,14,False,2,False,False
1764363878.2736597,51,False,False,False,13,False,2,False,False
1764363882.3897197,51,False,False,False,13,False,2,False,False
1764363886.9634638,51,False,False,False,12,False,2,False,False
1764363891.681105,51,False,False,False,12,False,2,False,False
1764363896.593825,51,False,False,False,11,False,2,False,False
1764363899.921069,51,False,False,False,11,False,2,False,False
1764363904.2669013,51,False,False,False,10,True,2,False,False
1764363909.3626583,49,False,True,True,11,True,2,False,False
1764363912.508718,48,False,True,True,14,True,0,False,False
1764363917.137113,46,False,True,True,16,True,0,False,False
1764363922.414444,43,False,True,True,18,True,0,False,False
1764363925.765329,42,False,True,True,19,True,0,False,False
1764363930.302697,40,True,False,False,20,False,0,False,False
1764363936.2174058,43,True,False,False,19,False,0,False,False
1764363940.2622201,47,True,False,False,18,False,0,False,False
1764363944.5331228,49,True,False,False,18,False,0,False,False
1764363948.0141149,51,True,False,False,17,False,0,False,False
1764363951.2062204,53,True,False,False,17,False,1,False,False
1764363956.2797985,57,True,False,False,16,False,1,False,False
1764363961.438687,60,True,False,False,15,False,1,False,False
1764363965.4470046,63,True,False,False,15,False,1,False,False
1764363969.2881124,65,True,False,False,14,False,1,False,False
1764363974.1429524,68,True,False,False,13,False,1,False,False
1764363978.8366814,71,True,False,False,13,False,1,False,False
1764363981.2454622,73,True,False,False,13,False,1,False,False
1764363987.2851467,76,True,False,False,12,False,1,False,False
1764363992.0259001,80,False,False,False,11,False,1,False,False
1764363996.3802521,80,False,False,False,11,False,1,False,False
1764364001.9423573,79,False,True,True,11,True,1,False,False
1764364006.6175308,76,False,True,True,13,True,1,False,False
1764364013.7315702,72,False,True,True,16,True,1,False,False
1764364017.2852426,71,False,True,True,17,True,1,False,False
1764364021.6258626,68,False,True,True,19,True,1,False,False
1764364027.1313329,66,False,False,False,20,False,2,False,False
1764364033.9750757,66,False,False,False,19,False,2,False,False
1764364038.3794992,66,False,False,False,18,False,2,False,False
1764364042.7249415,66,False,False,False,18,False,2,False,False
1764364045.8981693,66,False,False,False,17,False,2,False,False
1764364051.5924945,66,False,False,False,16,False,2,False,False
1764364056.2773652,66,False,False,False,16,False,2,False,False
1764364061.2881527,66,False,False,False,15,False,2,False,False
1764364065.3014197,66,False,False,False,14,False,2,False,False
1764364069.7254992,66,False,False,False,14,False,2,False,False
1764364074.258062,66,False,False,False,13,False,2,False,False
1764364077.8026218,66,False,False,False,13,False,2,False,False
1764364081.073865,66,False,False,False,12,False,2,False,False
1764364084.5315208,66,False,False,False,12,False,2,False,False
1764364089.6760247,66,False,False,False,11,False,2,False,False
1764364094.451309,66,False,False,False,12,False,1,True,False
1764364097.9643655,66,False,False,False,13,False,0,False,False
1764364103.0181072,66,False,False,False,12,False,0,False,False
1764364107.0858588,66,False,False,False,12,False,0,False,False
1764364112.0978644,66,False,False,False,11,False,0,False,False
1764364116.1075523,66,False,False,False,10,True,0,False,False
1764364119.5388927,66,False,False,False,10,True,0,False,False
1764364122.8692226,65,False,True,True,11,True,0,False,False
1764364126.1814754,63,False,True,True,12,True,0,False,False
1764364129.5705986,61,False,True,True,14,True,0,False,False
1764364134.260541,59,False,True,True,15,True,0,False,False
1764364136.878407,58,False,True,True,16,True,0,False,False
1764364140.4922354,56,False,True,True,17,True,1,False,False
1764364143.4206326,55,False,True,True,18,True,1,False,False
1764364147.4146345,53,False,True,True,20,False,1,False,False
1764364150.9469323,51,False,False,False,21,False,1,False,False
1764364154.7726893,51,False,False,False,20,False,1,False,False
1764364159.392091,51,False,False,False,19,False,1,False,False
1764364163.3994763,51,False,False,False,18,False,1,False,False
1764364167.6070123,51,False,False,False,18,False,1,False,False
1764364172.9271445,51,False,False,False,17,False,1,False,False
1764364177.0587282,51,False,False,False,16,False,1,False,False
1764364179.6578834,51,False,False,False,16,False,1,False,False
1764364186.0136712,51,False,False,False,15,False,1,False,False
1764364191.235119,51,False,False,False,14,False,1,False,False
1764364196.184896,51,False,False,False,14,False,1,False,False
1764364200.287504,51,False,False,False,13,False,1,False,False
1764364204.7237592,51,False,False,False,13,False,1,False,False
1764364210.0211217,51,False,False,False,12,False,2,False,False
1764364213.6261625,51,False,False,False,11,False,2,False,False
1764364217.93527,51,False,False,False,11,False,2,False,False
1764364220.9217138,51,False,False,False,11,False,2,False,False
1764364225.1053233,51,False,True,True,10,True,2,False,False
1764364228.1536524,50,False,True,True,11,True,2,False,False
1764364233.4481788,47,False,True,True,13,True,2,False,False
1764364238.8891704,45,False,True,True,14,True,2,False,False
1764364244.8931475,43,False,True,True,16,True,2,False,False
1764364250.8373456,41,True,True,True,18,True,2,False,False
1764364256.506721,42,True,True,True,19,True,2,False,False
1764364260.6889477,43,True,False,False,20,False,2,False,False
1764364263.032186,44,True,False,False,20,False,2,False,False
1764364268.7717152,48,True,False,False,19,False,2,False,False
1764364271.8086154,50,True,False,False,18,False,2,False,False
1764364274.5103812,51,True,False,False,18,False,2,False,False
1764364278.2336483,54,True,False,False,17,False,3,True,False
1764364281.8091981,57,True,False,False,19,False,0,False,False
1764364286.237612,59,True,False,False,19,False,0,False,False
1764364290.110182,62,True,False,False,18,False,0,False,False
1764364295.1243231,65,True,False,False,17,False,0,False,False
1764364301.2365675,69,True,False,False,17,False,0,False,False
1764364305.2282612,72,True,False,False,16,False,0,False,False
1764364310.2243018,75,True,False,False,15,False,0,False,False
1764364315.4360306,78,True,False,False,15,False,0,False,False
1764364319.131532,80,False,False,False,14,False,1,False,False
1764364322.6700592,80,False,False,False,13,False,1,False,False
1764364326.4833364,80,False,False,False,13,False,1,False,False
1764364328.9683456,80,False,False,False,13,False,1,False,False
1764364331.5699322,80,False,False,False,12,False,1,False,False
1764364337.1870992,80,False,False,False,12,False,1,False,False
1764364341.7167017,80,False,False,False,11,False,1,False,False
1764364345.762323,80,False,False,False,11,False,1,False,False
1764364349.4164383,80,False,False,False,10,True,1,False,False
1764364353.8723352,78,False,True,True,11,True,1,False,False
1764364356.5690572,77,False,True,True,12,True,1,False,False
1764364359.284669,75,False,True,True,13,True,1,False,False
1764364362.3804882,74,False,True,True,15,True,1,False,False
1764364365.266272,72,False,True,True,16,True,1,False,False
1764364367.6969223,71,False,True,True,17,True,1,False,False
1764364370.9788895,69,False,True,True,18,True,1,False,False
1764364375.9421003,66,False,False,False,20,False,1,False,False
1764364380.779311,66,False,False,False,19,False,1,False,False
1764364385.0155747,66,False,False,False,19,False,1,False,False
1764364389.2272623,66,False,False,False,18,False,1,False,False
1764364392.4134274,66,False,False,False,18,False,2,False,False
1764364395.498937,66,False,False,False,17,False,2,False,False
1764364400.45843,66,False,False,False,16,False,2,False,False
1764364405.032589,66,False,False,False,16,False,2,False,False
1764364408.2120416,66,False,False,False,15,False,2,False,False
1764364413.7529294,66,False,False,False,14,False,2,False,False
1764364417.2606623,66,False,False,False,14,False,2,False,False
1764364423.4287913,66,False,False,False,13,False,2,False,False
1764364428.2585807,66,False,False,False,13,False,2,False,False
1764364431.5414085,66,False,False,False,12,False,2,False,False
1764364435.864045,66,False,False,False,12,False,2,False,False
1764364440.2530751,66,False,False,False,11,False,2,False,False
1764364446.6246183,66,False,True,True,11,True,2,False,False
1764364452.5250921,63,False,True,True,13,True,2,False,False
1764364458.4033022,60,False,True,True,15,True,2,False,False
1764364463.337599,57,False,True,True,17,True,2,False,False
1764364469.0975037,55,False,True,True,21,False,0,False,False
1764364474.631589,54,False,False,False,21,False,0,False,False
1764364478.0031989,54,False,False,False,21,False,0,False,False
1764364482.7335782,54,False,False,False,20,False,0,False,False
1764364489.7467754,54,False,False,False,19,False,0,False,False
1764364493.3481123,54,False,False,False,18,False,0,False,False
1764364497.575379,54,False,False,False,18,False,0,False,False
1764364500.5567572,54,False,False,False,17,False,0,False,False
1764364504.099802,54,False,False,False,17,False,1,False,False
1764364507.5499444,54,False,False,False,16,False,1,False,False
1764364512.9755406,54,False,False,False,15,False,1,False,False
1764364517.9184606,54,False,False,False,15,False,1,False,False
1764364522.3322492,54,False,False,False,14,False,1,False,False
1764364527.8822508,54,False,False,False,13,False,1,False,False
1764364530.3588495,54,False,False,False,13,False,1,False,False
1764364535.023507,54,False,False,False,12,False,1,False,False
1764364538.2895496,54,False,False,False,12,False,1,False,False
1764364543.4301934,54,False,False,False,11,False,1,False,False
1764364546.03218,54,False,False,False,11,False,1,False,False
1764364549.903914,54,False,False,False,10,True,1,False,False
1764364552.848202,53,False,True,True,11,True,1,False,False
1764364557.2103243,51,False,True,True,12,True,1,False,False
1764364561.0171325,49,False,True,True,14,True,1,False,False
1764364566.668424,47,False,True,True,15,True,1,False,False
1764364569.31972,45,False,True,True,16,True,1,False,False
1764364574.4865394,43,False,True,True,18,True,2,False,False
1764364578.3255534,42,False,True,True,19,True,2,False,False
1764364582.3879995,41,True,True,True,20,False,2,False,False
1764364587.215197,42,True,False,False,21,False,2,False,False
1764364591.194624,45,True,False,False,20,False,2,False,False
1764364595.8325932,47,True,False,False,19,False,2,False,False
1764364600.513851,51,True,False,False,18,False,2,False,False
1764364605.2445064,54,True,False,False,18,False,2,False,False
1764364608.6606112,56,True,False,False,17,False,2,False,False
1764364612.2982116,58,True,False,False,17,False,2,False,False
1764364615.830253,60,True,False,False,16,False,2,False,False
1764364619.7826455,63,True,False,False,15,False,2,False,False
1764364626.0636845,67,True,False,False,15,False,2,False,False
1764364629.7271156,69,True,False,False,14,False,2,False,False
1764364633.725114,72,True,False,False,14,False,2,False,False
1764364637.1685324,75,True,False,False,13,False,2,False,False
1764364640.1907754,76,True,False,False,13,False,2,False,False
1764364643.3852963,78,True,False,False,14,False,1,True,False
1764364648.1996984,80,False,False,False,14,False,0,False,False
1764364652.8119278,80,False,False,False,14,False,0,False,False
1764364658.5680878,80,False,False,False,13,False,0,False,False
1764364662.6091988,80,False,False,False,12,False,0,False,False
1764364666.8614955,80,False,False,False,12,False,0,False,False
1764364671.1332576,80,False,False,False,11,False,0,False,False
1764364674.2790706,80,False,False,False,11,False,0,False,False
1764364677.2731862,80,False,False,False,10,True,0,False,False
1764364680.560179,80,False,True,True,10,True,0,False,False
1764364685.5274806,77,False,True,True,12,True,0,False,False
1764364688.5772767,76,False,True,True,13,True,1,False,False
1764364691.2937026,74,False,True,True,14,True,1,False,False
1764364695.3248181,72,False,True,True,16,True,1,False,False
1764364700.2816706,69,False,True,True,18,True,1,False,False
1764364704.8469608,67,False,True,True,20,False,1,False,False
1764364707.9341974,66,False,False,False,20,False,1,False,False
1764364713.6412673,66,False,False,False,19,False,1,False,False
1764364719.0364943,66,False,False,False,18,False,1,False,False
1764364723.4495513,66,False,False,False,18,False,1,False,False
1764364730.5306551,66,False,False,False,17,False,1,False,False
1764364736.8996003,66,False,False,False,16,False,1,False,False
1764364740.9792743,66,False,False,False,15,False,1,False,False
1764364745.9061565,66,False,False,False,14,False,1,False,False
1764364749.4806495,66,False,False,False,14,False,1,False,False
1764364753.7369998,66,False,False,False,13,False,1,False,False
1764364757.4237444,66,False,False,False,13,False,2,False,False
1764364762.1310155,66,False,False,False,12,False,2,False,False
1764364767.759186,66,False,False,False,11,False,2,False,False
1764364772.6987052,66,False,False,False,11,False,2,False,False
1764364776.0382972,66,False,False,False,11,False,2,False,False
1764364780.1945496,66,False,False,False,10,True,2,False,False
1764364784.219339,64,False,True,True,11,True,2,False,False
1764364790.329275,61,False,True,True,13,True,2,False,False
1764364793.32437,60,False,True,True,14,True,2,False,False
1764364796.2671382,58,False,True,True,16,True,2,False,False
1764364801.1438239,56,False,True,True,17,True,2,False,False
1764364804.8234634,54,False,True,True,19,True,2,False,False
1764364810.62222,51,False,False,False,20,False,2,False,False
1764364815.708079,51,False,False,False,20,False,2,False,False
1764364821.534715,51,False,False,False,19,False,2,False,False
1764364826.8554602,51,False,False,False,18,False,3,True,False
1764364831.9734693,51,False,False,False,20,False,0,False,False
1764364834.4128075,51,False,False,False,19,False,0,False,False
1764364838.8075538,51,False,False,False,19,False,0,False,False
1764364843.4593515,51,False,False,False,18,False,0,False,False
1764364847.6676233,51,False,False,False,17,False,0,False,False
1764364851.2259665,51,False,False,False,17,False,0,False,False
1764364854.9521263,51,False,False,False,16,False,0,False,False
1764364859.7540212,51,False,False,False,16,False,0,False,False
1764364864.5286639,51,False,False,False,15,False,0,False,False
1764364869.7272305,51,False,False,False,14,False,1,False,False
1764364875.2377095,51,False,False,False,13,False,1,False,False
1764364879.9777079,51,False,False,False,13,False,1,False,False
1764364883.1292458,51,False,False,False,12,False,1,False,False
1764364886.3239605,51,False,False,False,12,False,1,False,False
1764364890.4284644,51,False,False,False,11,False,1,False,False
1764364895.9532495,51,False,False,False,11,False,1,False,False
1764364901.8219028,51,False,True,True,10,True,1,False,False
1764364906.1948805,49,False,True,True,12,True,1,False,False
1764364909.5752854,47,False,True,True,13,True,1,False,False
1764364914.99516,45,False,True,True,14,True,1,False,False
1764364918.8759675,43,False,True,True,15,True,1,False,False
1764364921.5010617,42,False,True,True,16,True,1,False,False
1764364926.0743277,40,True,True,True,18,True,1,False,False
1764364929.9005303,41,True,True,True,18,True,1,False,False
1764364934.5837393,43,True,True,True,20,False,1,False,False
1764364939.70767,45,True,False,False,20,False,1,False,False
1764364942.692394,47,True,False,False,19,False,2,False,False
1764364946.5501063,49,True,False,False,19,False,2,False,False
1764364949.2550323,51,True,False,False,18,False,2,False,False
1764364953.3425033,53,True,False,False,18,False,2,False,False
1764364957.9207313,57,True,False,False,17,False,2,False,False
1764364961.667765,59,True,False,False,16,False,2,False,False
1764364967.5945203,63,True,False,False,15,False,2,False,False
1764364972.0404205,66,True,False,False,15,False,2,False,False
1764364977.0228338,69,True,False,False,14,False,2,False,False
1764364981.3916612,72,True,False,False,14,False,2,False,False
1764364984.3204706,74,True,False,False,13,False,2,False,False
1764364987.398311,75,True,False,False,13,False,2,False,False
1764364992.0420525,79,True,False,False,12,False,2,False,False
1764364996.1292768,80,False,False,False,12,False,2,False,False
1764365000.5121906,80,False,False,False,11,False,2,False,False
1764365005.2805912,80,False,False,False,10,True,2,False,False
1764365011.9835548,77,False,True,True,13,True,3,True,False
1764365016.4297643,75,False,True,True,17,True,0,False,False
1764365020.9851935,72,False,True,True,19,True,0,False,False
1764365024.736868,70,False,True,True,20,False,0,False,False
1764365027.947889,69,False,False,False,21,False,0,False,False
1764365032.0997837,69,False,False,False,20,False,0,False,False
1764365035.8476782,69,False,False,False,20,False,0,False,False
1764365039.077342,69,False,False,False,19,False,0,False,False
1764365042.3743265,69,False,False,False,19,False,0,False,False
1764365045.8243222,69,False,False,False,18,False,0,False,False
1764365050.5896251,69,False,False,False,17,False,1,False,False
1764365053.5699894,69,False,False,False,17,False,1,False,False
1764365056.8271399,69,False,False,False,16,False,1,False,False
1764365059.8181074,69,False,False,False,16,False,1,False,False
1764365063.040062,69,False,False,False,16,False,1,False,False
1764365066.1871026,69,False,False,False,15,False,1,False,False
1764365070.5094535,69,False,False,False,14,False,1,False,False
1764365073.498701,69,False,False,False,14,False,1,False,False
1764365077.7125309,69,False,False,False,14,False,1,False,False
1764365080.3331249,69,False,False,False,13,False,1,False,False
1764365084.4293907,69,False,False,False,13,False,1,False,False
1764365087.2508557,69,False,False,False,12,False,1,False,False
1764365090.8016937,69,False,False,False,12,False,1,False,False
1764365095.2310638,69,False,False,False,11,False,1,False,False
1764365099.4538512,69,False,False,False,11,False,1,False,False
1764365104.0329907,69,False,False,False,10,True,1,False,False
1764365109.0654328,68,False,True,True,11,True,1,False,False
1764365113.5022604,66,False,True,True,13,True,1,False,False
1764365116.948512,64,False,True,True,14,True,1,False,False
1764365120.646639,61,False,True,True,15,True,1,False,False
1764365124.0898814,60,False,True,True,17,True,2,False,False
1764365128.3383844,58,False,True,True,18,True,2,False,False
1764365131.9926295,56,False,True,True,19,True,2,False,False
1764365135.7275794,54,False,True,True,20,False,2,False,False
1764365139.6826198,54,False,False,False,20,False,2,False,False
1764365144.134193,54,False,False,False,20,False,2,False,False
1764365149.5878942,54,False,False,False,19,False,2,False,False
1764365154.4996595,54,False,False,False,18,False,2,False,False
1764365158.1850994,54,False,False,False,17,False,2,False,False
1764365162.5529473,54,False,False,False,17,False,2,False,False
1764365165.9719648,54,False,False,False,16,False,2,False,False
1764365168.792897,54,False,False,False,16,False,2,False,False
1764365173.3507638,54,False,False,False,15,False,2,False,False
1764365177.0293152,54,False,False,False,15,False,2,False,False
1764365179.9906406,54,False,False,False,14,False,2,False,False
1764365185.298936,54,False,False,False,14,False,2,False,False
1764365189.7983599,54,False,False,False,13,False,2,False,False
1764365194.1653352,54,False,False,False,15,False,0,False,False
1764365198.3986242,54,False,False,False,14,False,0,False,False
1764365201.684076,54,False,False,False,14,False,0,False,False
1764365208.132173,54,False,False,False,13,False,0,False,False
1764365212.34344,54,False,False,False,12,False,0,False,False
1764365217.031906,54,False,False,False,12,False,0,False,False
1764365221.6155424,54,False,False,False,11,False,0,False,False
1764365226.5402436,54,False,False,False,11,False,0,False,False
1764365231.0800745,54,False,True,True,10,True,0,False,False
1764365233.9063177,53,False,True,True,11,True,0,False,False
1764365239.7749882,50,False,True,True,13,True,1,False,False
1764365241.7504404,49,False,True,True,13,True,1,False,False
1764365245.0799398,48,False,True,True,15,True,1,False,False
1764365249.8299932,45,False,True,True,16,True,1,False,False
1764365252.8911011,44,False,True,True,17,True,1,False,False
1764365257.1929512,42,False,True,True,18,True,1,False,False
1764365262.6757135,40,True,True,True,19,True,1,False,False
1764365267.0574975,41,True,False,False,20,False,1,False,False
1764365271.1194634,44,True,False,False,20,False,1,False,False
1764365276.3435688,47,True,False,False,19,False,1,False,False
1764365280.9506762,51,True,False,False,18,False,1,False,False
1764365284.5145435,52,True,False,False,18,False,1,False,False
1764365288.0203369,55,True,False,False,17,False,1,False,False
1764365293.362527,58,True,False,False,16,False,1,False,False
1764365296.9311106,61,True,False,False,16,False,1,False,False
1764365301.4719558,64,True,False,False,15,False,1,False,False
1764365305.3721638,66,True,False,False,15,False,2,False,False
1764365308.6689565,68,True,False,False,14,False,2,False,False
1764365311.988941,71,True,False,False,14,False,2,False,False
1764365317.4033456,74,True,False,False,13,False,2,False,False
1764365322.6187265,77,True,False,False,12,False,2,False,False
1764365328.9032128,80,False,False,False,11,False,2,False,False
1764365331.7221358,80,False,False,False,11,False,2,False,False
1764365335.773007,80,False,False,False,11,False,2,False,False
1764365340.006957,80,False,False,False,10,True,2,False,False
1764365344.3761823,79,False,True,True,11,True,2,False,False
1764365347.5496776,77,False,True,True,12,True,2,False,False
1764365351.4013245,75,False,True,True,14,True,2,False,False
1764365354.8425958,73,False,True,True,16,True,2,False,False
1764365360.6713185,70,False,True,True,18,True,2,False,False
1764365365.071234,67,False,True,True,19,True,2,False,False
1764365370.2514691,66,False,False,False,20,False,2,False,False
1764365373.7116816,66,False,False,False,19,False,2,False,False
1764365378.2787623,66,False,False,False,21,False,0,False,False
1764365383.262276,66,False,False,False,20,False,0,False,False
1764365386.7242296,66,False,False,False,20,False,0,False,False
1764365392.2733045,66,False,False,False,19,False,0,False,False
1764365394.5669904,66,False,False,False,18,False,0,False,False
1764365398.565903,66,False,False,False,18,False,0,False,False
1764365402.1687188,66,False,False,False,17,False,0,False,False
1764365406.7328472,66,False,False,False,17,False,0,False,False
1764365410.8568435,66,False,False,False,16,False,0,False,False
1764365413.578504,66,False,False,False,16,False,0,False,False
1764365417.4587502,66,False,False,False,15,False,1,False,False
1764365423.988281,66,False,False,False,14,False,1,False,False
1764365427.3088756,66,False,False,False,14,False,1,False,False
1764365432.9298162,66,False,False,False,13,False,1,False,False
1764365438.7044194,66,False,False,False,12,False,1,False,False
1764365442.067236,66,False,False,False,12,False,1,False,False
1764365445.8160377,66,False,False,False,11,False,1,False,False
1764365450.5784304,66,False,False,False,11,False,1,False,False
1764365453.3783295,66,False,False,False,10,True,1,False,False
1764365455.8389716,66,False,False,False,10,True,1,False,False
1764365460.4747539,64,False,True,True,11,True,1,False,False
1764365465.5171878,62,False,True,True,13,True,1,False,False
1764365468.9261847,60,False,True,True,15,True,1,False,False
1764365473.8829281,58,False,True,True,16,True,1,False,False
1764365477.2823498,56,False,True,True,17,True,1,False,False
1764365480.385437,54,False,True,True,18,True,1,False,False
1764365483.8158786,53,False,True,True,20,False,1,False,False
1764365487.5195825,51,False,False,False,20,False,1,False,False
1764365493.053568,51,False,False,False,19,False,2,False,False
1764365497.133558,51,False,False,False,19,False,2,False,False
1764365499.373088,51,False,False,False,19,False,2,False,False
1764365502.89301,51,False,False,False,18,False,2,False,False
1764365505.3058605,51,False,False,False,18,False,2,False,False
1764365507.8178124,51,False,False,False,17,False,2,False,False
1764365510.6397758,51,False,False,False,17,False,2,False,False
1764365514.3247373,51,False,False,False,16,False,2,False,False
1764365517.0404675,51,False,False,False,16,False,2,False,False
1764365520.705862,51,False,False,False,15,False,2,False,False
1764365527.2840729,51,False,False,False,14,False,2,False,False
1764365531.2862804,51,False,False,False,14,False,2,False,False
1764365534.9230897,51,False,False,False,13,False,2,False,False
1764365541.7672858,51,False,False,False,13,False,2,False,False
1764365544.790887,51,False,False,False,12,False,2,False,False
1764365547.737119,51,False,False,False,12,False,2,False,False
1764365551.3893096,51,False,False,False,11,False,2,False,False
1764365555.1496992,51,False,False,False,11,False,2,False,False
1764365558.1088765,51,False,False,False,10,True,2,False,False
1764365560.863497,51,False,False,False,10,True,2,True,False
1764365563.6576846,51,False,True,True,13,True,0,False,False
1764365568.6212652,48,False,True,True,14,True,0,False,False
1764365572.4743586,46,False,True,True,16,True,0,False,False
1764365576.3970659,45,False,True,True,17,True,0,False,False
1764365578.7091901,44,False,True,True,18,True,0,False,False
1764365583.951074,42,False,True,True,19,True,0,False,False
1764365590.2757986,43,True,False,False,19,False,0,False,False
1764365594.3484843,45,True,False,False,19,False,0,False,False
1764365598.4412248,48,True,False,False,18,False,0,False,False
1764365602.2327156,50,True,False,False,17,False,1,False,False
1764365605.7214377,52,True,False,False,17,False,1,False,False
1764365610.242731,56,True,False,False,16,False,1,False,False
1764365614.7236974,58,True,False,False,16,False,1,False,False
1764365619.0211866,61,True,False,False,15,False,1,False,False
1764365623.5087998,64,True,False,False,14,False,1,False,False
1764365627.4499419,67,True,False,False,14,False,1,False,False
1764365631.9946084,69,True,False,False,13,False,1,False,False
1764365636.7221293,73,True,False,False,13,False,1,False,False
1764365639.6482558,74,True,False,False,12,False,1,False,False
1764365642.9221964,76,True,False,False,12,False,1,False,False
1764365647.1783717,79,False,False,False,11,False,1,False,False
1764365651.0042887,80,False,False,False,11,False,1,False,False
1764365654.8882298,80,False,False,False,10,True,1,False,False
1764365658.4838293,79,False,True,True,11,True,1,False,False
1764365661.0361476,78,False,True,True,12,True,1,False,False
1764365663.781724,76,False,True,True,13,True,1,False,False
1764365668.076961,74,False,True,True,15,True,1,False,False
1764365674.4280136,70,False,True,True,17,True,1,False,False
1764365678.154391,69,False,True,True,19,True,2,False,False
1764365683.0883193,66,False,False,False,20,False,2,False,False
1764365688.377461,66,False,False,False,19,False,2,False,False
1764365693.0589633,66,False,False,False,18,False,2,False,False
1764365697.5732324,66,False,False,False,17,False,2,False,False
1764365701.5435789,66,False,False,False,17,False,2,False,False
1764365704.850867,66,False,False,False,16,False,2,False,False
1764365709.3649278,66,False,False,False,16,False,2,False,False
1764365712.6803436,66,False,False,False,15,False,2,False,False
1764365715.1704378,66,False,False,False,15,False,2,False,False
1764365718.8546052,66,False,False,False,14,False,2,False,False
1764365724.2266233,66,False,False,False,14,False,2,False,False
1764365729.32396,66,False,False,False,13,False,2,False,False
1764365732.3341806,66,False,False,False,13,False,2,False,False
1764365735.2280648,66,False,False,False,12,False,2,False,False
1764365738.2915704,66,False,False,False,12,False,2,False,False
1764365743.1083312,66,False,False,False,11,False,2,False,False
1764365746.86975,66,False,False,False,13,False,0,False,False
1764365751.8415067,66,False,False,False,13,False,0,False,False
1764365755.5028424,66,False,False,False,12,False,0,False,False
1764365759.4200466,66,False,False,False,12,False,0,False,False
1764365764.2628057,66,False,False,False,11,False,0,False,False
1764365767.5078554,66,False,False,False,11,False,0,False,False
1764365773.207361,66,False,True,True,11,True,0,False,False
1764365777.001771,64,False,True,True,12,True,0,False,False
1764365781.7526226,61,False,True,True,14,True,0,False,False
1764365786.7093198,59,False,True,True,16,True,0,False,False
1764365790.748402,57,False,True,True,17,True,1,False,False
1764365795.3177803,55,False,True,True,19,True,1,False,False
1764365798.3272495,53,False,True,True,20,False,1,False,False
1764365802.4052405,51,False,False,False,21,False,1,False,False
1764365807.5127785,51,False,False,False,20,False,1,False,False
1764365813.1147063,51,False,False,False,19,False,1,False,False
1764365815.748404,51,False,False,False,19,False,1,False,False
1764365819.4311974,51,False,False,False,18,False,1,False,False
1764365824.1714532,51,False,False,False,18,False,1,False,False
1764365829.1178517,51,False,False,False,17,False,1,False,False
1764365833.5277905,51,False,False,False,16,False,1,False,False
1764365836.4981358,51,False,False,False,16,False,1,False,False
1764365838.9021032,51,False,False,False,16,False,1,False,False
1764365843.2780063,51,False,False,False,15,False,1,False,False
1764365848.1571188,51,False,False,False,14,False,1,False,False
1764365853.1441119,51,False,False,False,14,False,1,False,False
1764365855.9956868,51,False,False,False,13,False,1,False,False
1764365859.2511666,51,False,False,False,13,False,2,False,False
1764365861.8187556,51,False,False,False,12,False,2,False,False
1764365864.983651,51,False,False,False,12,False,2,False,False
1764365869.2292295,51,False,False,False,11,False,2,False,False
1764365873.5844445,51,False,False,False,11,False,2,False,False
1764365878.6787775,51,False,False,False,10,True,2,False,False
1764365882.8599787,51,False,True,True,10,True,2,False,False
1764365886.5518403,49,False,True,True,12,True,2,False,False
1764365891.1078625,47,False,True,True,13,True,2,False,False
1764365896.6681685,44,False,True,True,15,True,2,False,False
1764365901.1263163,43,False,True,True,16,True,2,False,False
1764365904.1723318,41,False,True,True,17,True,2,False,False
1764365908.402695,41,True,True,True,18,True,2,False,False
1764365913.342585,42,True,True,True,19,True,2,False,False
1764365917.6653652,44,True,False,False,20,False,2,False,False
1764365921.813674,46,True,False,False,19,False,2,False,False
1764365926.7537198,49,True,False,False,18,False,2,False,False
1764365931.767143,53,True,False,False,20,False,0,False,False
1764365936.1414924,55,True,False,False,20,False,0,False,False
1764365939.3095925,57,True,False,False,19,False,0,False,False
1764365943.6132388,60,True,False,False,18,False,0,False,False
1764365949.1685824,64,True,False,False,18,False,0,False,False
1764365952.8515115,66,True,False,False,17,False,0,False,False
1764365956.9604664,69,True,False,False,16,False,0,False,False
1764365961.865004,72,True,False,False,16,False,0,False,False
1764365966.0000305,75,True,False,False,15,False,0,False,False
1764365970.3626168,77,True,False,False,14,False,1,False,False
1764365975.9591277,80,False,False,False,14,False,1,False,False
1764365979.5126925,80,False,False,False,13,False,1,False,False
1764365982.3921294,80,False,False,False,13,False,1,False,False
1764365986.0194647,80,False,False,False,12,False,1,False,False
1764365990.9803796,80,False,False,False,12,False,1,False,False
1764365994.8653848,80,False,False,False,11,False,1,False,False
1764366000.4304202,80,False,False,False,11,False,1,False,False
1764366004.3468041,79,False,True,True,12,True,1,False,False
1764366009.7465754,75,False,True,True,14,True,1,False,False
1764366013.6224213,73,False,True,True,16,True,1,False,False
1764366017.0474012,72,False,True,True,17,True,1,False,False
1764366020.0387585,70,False,True,True,18,True,1,False,False
1764366025.2965288,67,False,True,True,20,False,1,False,False
1764366030.3582928,66,False,False,False,20,False,1,False,False
1764366034.175474,66,False,False,False,20,False,1,False,False
1764366039.5904422,66,False,False,False,19,False,2,False,False
1764366043.2931983,66,False,False,False,18,False,2,False,False
1764366046.6983085,66,False,False,False,17,False,2,False,False
1764366049.5937233,66,False,False,False,17,False,2,False,False
1764366054.1300168,66,False,False,False,16,False,2,False,False
1764366060.0661557,66,False,False,False,16,False,2,False,False
1764366064.407588,66,False,False,False,15,False,2,False,False
1764366068.7703345,66,False,False,False,14,False,2,False,False
1764366073.185346,66,False,False,False,14,False,2,False,False
1764366078.6735752,66,False,False,False,13,False,2,False,False
1764366083.151708,66,False,False,False,12,False,2,False,False
1764366086.413453,66,False,False,False,12,False,2,False,False
1764366089.9954429,66,False,False,False,12,False,2,False,False
1764366093.264943,66,False,False,False,11,False,2,False,False
1764366096.803854,66,False,False,False,11,False,2,False,False
1764366101.2861464,66,False,False,False,10,True,2,False,False
1764366104.743156,65,False,True,True,11,True,2,False,False
1764366108.9036465,62,False,True,True,13,True,2,False,False
1764366113.3045108,60,False,True,True,14,True,2,False,False
1764366117.9379015,58,False,True,True,19,True,0,False,False
1764366121.277023,56,False,True,True,20,False,0,False,False
1764366126.0794022,56,False,False,False,19,False,0,False,False
1764366128.595318,56,False,False,False,19,False,0,False,False
1764366132.9196925,56,False,False,False,18,False,0,False,False
1764366136.6468225,56,False,False,False,18,False,0,False,False
1764366140.4494913,56,False,False,False,17,False,0,False,False
1764366143.2917993,56,False,False,False,17,False,0,False,False
1764366147.533021,56,False,False,False,16,False,0,False,False
1764366151.8733282,56,False,False,False,15,False,1,False,False
1764366155.687976,56,False,False,False,15,False,1,False,False
1764366161.2647572,56,False,False,False,14,False,1,False,False
1764366165.148836,56,False,False,False,14,False,1,False,False
1764366167.826973,56,False,False,False,13,False,1,False,False
1764366169.953759,56,False,False,False,13,False,1,False,False
1764366174.704103,56,False,False,False,12,False,1,False,False
1764366178.0971208,56,False,False,False,12,False,1,False,False
1764366183.0557327,56,False,False,False,11,False,1,False,False
1764366188.1239734,56,False,False,False,11,False,1,False,False
1764366193.0013356,55,False,True,True,11,True,1,False,False
1764366197.3643808,54,False,True,True,12,True,1,False,False
1764366201.9644558,51,False,True,True,14,True,1,False,False
1764366205.1863458,50,False,True,True,15,True,1,False,False
1764366208.1961584,48,False,True,True,16,True,1,False,False
1764366214.4873016,46,False,True,True,17,True,1,False,False
1764366218.9869642,44,False,True,True,19,True,1,False,False
1764366223.8949893,42,False,False,False,19,False,1,False,False
1764366227.9715998,42,False,False,False,19,False,2,False,False
1764366231.4442558,42,False,False,False,18,False,2,False,False
1764366235.5942073,42,False,False,False,18,False,2,False,False
1764366239.7218463,42,False,False,False,17,False,2,False,False
1764366243.7985156,42,False,False,False,16,False,2,False,False
1764366247.1674268,42,False,False,False,16,False,2,False,False
1764366250.0504577,42,False,False,False,15,False,2,False,False
1764366252.595167,42,False,False,False,15,False,2,False,False
1764366256.7340457,42,False,False,False,14,False,2,False,False
1764366261.886512,42,False,False,False,14,False,2,False,False
1764366267.646591,42,False,False,False,13,False,2,False,False
1764366272.5940187,42,False,False,False,12,False,2,False,False
1764366277.524569,42,False,False,False,12,False,2,False,False
1764366282.2369761,42,False,False,False,11,False,2,False,False
1764366287.0394564,42,False,False,False,10,True,2,False,False
1764366293.5084379,40,True,True,True,13,True,2,False,False
1764366298.5572495,42,True,True,True,14,True,3,True,False
1764366302.607133,43,True,True,True,17,True,0,False,False
1764366305.703014,43,True,True,True,18,True,0,False,False
1764366309.032233,44,True,True,True,19,True,0,False,False
1764366312.0645525,45,True,True,True,20,False,0,False,False
1764366315.1169949,47,True,False,False,20,False,0,False,False
1764366318.0331402,49,True,False,False,19,False,0,False,False
1764366323.9993892,53,True,False,False,18,False,0,False,False
1764366329.1794465,56,True,False,False,17,False,0,False,False
1764366333.9365675,58,True,False,False,17,False,0,False,False
1764366340.653721,63,True,False,False,16,False,1,False,False
1764366344.4306993,66,True,False,False,15,False,1,False,False
1764366347.0790832,67,True,False,False,15,False,1,False,False
1764366351.1202564,70,True,False,False,14,False,1,False,False
1764366355.2775037,73,True,False,False,14,False,1,False,False
1764366359.0415475,75,True,False,False,13,False,1,False,False
1764366363.5382159,78,True,False,False,13,False,1,False,False
1764366366.8011718,80,False,False,False,12,False,1,False,False
1764366370.7093472,80,False,False,False,12,False,1,False,False
1764366376.516075,80,False,False,False,11,False,1,False,False
1764366379.639234,80,False,False,False,11,False,1,False,False
1764366382.4616928,80,False,True,True,10,True,1,False,False
1764366386.275697,77,False,True,True,12,True,1,False,False
1764366391.554027,75,False,True,True,14,True,1,False,False
1764366395.4449594,72,False,True,True,16,True,1,False,False
1764366400.488973,70,False,True,True,18,True,1,False,False
1764366406.0845766,66,False,True,True,20,False,1,False,False
1764366410.860343,66,False,False,False,20,False,2,False,False
1764366415.033342,66,False,False,False,19,False,2,False,False
1764366419.7871096,66,False,False,False,19,False,2,False,False
1764366422.3232512,66,False,False,False,18,False,2,False,False
1764366425.5838249,66,False,False,False,18,False,2,False,False
1764366430.186736,66,False,False,False,17,False,2,False,False
1764366434.7713892,66,False,False,False,16,False,2,False,False
1764366439.4636483,66,False,False,False,16,False,2,False,False
1764366444.8008182,66,False,False,False,15,False,2,False,False
1764366449.6135726,66,False,False,False,14,False,2,False,False
1764366452.9295464,66,False,False,False,14,False,2,False,False
1764366455.8956804,66,False,False,False,13,False,2,False,False
1764366459.9773264,66,False,False,False,13,False,2,False,False
1764366462.3108187,66,False,False,False,12,False,2,False,False
1764366467.391778,66,False,False,False,12,False,2,False,False
1764366471.4535265,66,False,False,False,11,False,2,False,False
1764366475.3732612,66,False,False,False,11,False,2,False,False
1764366480.6317432,66,False,False,False,10,True,2,False,False
1764366485.209824,64,False,True,True,14,True,0,False,False
1764366490.1101906,62,False,True,True,16,True,0,False,False
1764366494.5281675,60,False,True,True,17,True,0,False,False
1764366497.9407473,58,False,True,True,18,True,0,False,False
1764366502.3856146,56,False,False,False,20,False,0,False,False
1764366507.4691036,56,False,False,False,19,False,0,False,False
1764366511.9933064,56,False,False,False,18,False,0,False,False
1764366516.4675612,56,False,False,False,18,False,0,False,False
1764366519.9332397,56,False,False,False,17,False,0,False,False
1764366524.5229082,56,False,False,False,16,False,1,False,False
1764366528.1291804,56,False,False,False,16,False,1,False,False
1764366531.079823,56,False,False,False,15,False,1,False,False
1764366536.5945373,56,False,False,False,15,False,1,False,False
1764366540.2252967,56,False,False,False,14,False,1,False,False
1764366544.1869426,56,False,False,False,14,False,1,False,False
1764366550.5464754,56,False,False,False,13,False,1,False,False
1764366554.0582552,56,False,False,False,12,False,1,False,False
1764366556.3501751,56,False,False,False,12,False,1,False,False
1764366559.273397,56,False,False,False,12,False,1,False,False
1764366564.9064486,56,False,False,False,11,False,1,False,False
1764366569.1878412,56,False,False,False,10,True,1,False,False
1764366574.6175907,55,False,True,True,11,True,1,False,False
1764366580.0646265,52,False,True,True,13,True,1,False,False
1764366584.7209415,50,False,True,True,14,True,1,False,False
1764366590.866739,47,False,True,True,16,True,1,False,False
1764366596.3537958,45,False,True,True,18,True,2,False,False
1764366599.817025,43,False,True,True,19,True,2,False,False
1764366604.755438,41,False,True,True,20,False,2,False,False
1764366609.393005,41,True,False,False,20,False,2,False,False
1764366613.5700855,44,True,False,False,20,False,2,False,False
1764366617.519983,47,True,False,False,19,False,2,False,False
1764366620.4437401,49,True,False,False,19,False,2,False,False
1764366624.596214,51,True,False,False,18,False,2,False,False
1764366628.4518616,54,True,False,False,17,False,2,False,False
1764366631.1904473,55,True,False,False,17,False,2,False,False
1764366637.928613,60,True,False,False,16,False,2,False,False
1764366642.1483278,62,True,False,False,15,False,2,False,False
1764366644.7574277,64,True,False,False,15,False,2,False,False
1764366649.02346,67,True,False,False,14,False,2,False,False
1764366655.8607545,71,True,False,False,13,False,2,False,False
1764366660.1435661,74,True,False,False,13,False,2,False,False
1764366664.261326,76,True,False,False,15,False,0,False,False
1764366669.622278,80,False,False,False,14,False,0,False,False
1764366674.6884472,80,False,False,False,14,False,0,False,False
1764366681.269114,80,False,False,False,13,False,0,False,False
1764366684.0450351,80,False,False,False,12,False,0,False,False
1764366687.8293965,80,False,False,False,12,False,0,False,False
1764366690.2284746,80,False,False,False,11,False,0,False,False
1764366693.742886,80,False,False,False,11,False,0,False,False
1764366697.7722845,80,False,False,False,11,False,0,False,False
1764366702.6115658,80,False,True,True,10,True,0,False,False
1764366707.7435794,77,False,True,True,12,True,0,False,False
1764366710.769343,75,False,True,True,14,True,1,False,False
1764366714.883478,73,False,True,True,15,True,1,False,False
1764366720.5255067,70,False,True,True,18,True,1,False,False
1764366724.9501905,67,False,True,True,19,False,1,False,False
1764366729.8779423,66,False,False,False,20,False,1,False,False
1764366734.9496543,66,False,False,False,19,False,1,False,False
1764366739.1134176,66,False,False,False,18,False,1,False,False
1764366745.716849,66,False,False,False,17,False,1,False,False
1764366750.9012895,66,False,False,False,17,False,1,False,False
1764366756.4702272,66,False,False,False,16,False,1,False,False
1764366760.2815433,66,False,False,False,15,False,1,False,False
1764366764.448235,66,False,False,False,15,False,1,False,False
1764366766.771425,66,False,False,False,14,False,1,False,False
1764366769.859633,66,False,False,False,14,False,1,False,False
1764366772.2871659,66,False,False,False,14,False,1,False,False
1764366777.9161594,66,False,False,False,13,False,2,False,False
1764366783.814569,66,False,False,False,12,False,2,False,False
1764366787.9360368,66,False,False,False,12,False,2,False,False
1764366791.0046341,66,False,False,False,11,False,2,False,False
1764366794.4507766,66,False,False,False,11,False,2,False,False
1764366798.8797827,65,False,True,True,11,True,2,False,False
1764366802.0757556,64,False,True,True,12,True,2,False,False
1764366806.3288755,62,False,True,True,14,True,2,False,False
1764366811.864997,59,False,True,True,16,True,2,False,False
1764366815.9785044,57,False,True,True,17,True,2,False,False
1764366820.5550046,54,False,True,True,19,True,2,False,False
1764366824.7042375,52,False,True,True,20,False,2,False,False
1764366827.8856466,51,False,False,False,21,False,2,False,False
1764366831.8643477,51,False,False,False,20,False,2,False,False
1764366834.8876576,51,False,False,False,20,False,2,False,False
1764366837.8692486,51,False,False,False,19,False,2,False,False
1764366842.4284358,51,False,False,False,18,False,2,False,False
1764366846.1678107,51,False,False,False,18,False,3,True,False
1764366851.1118574,51,False,False,False,20,False,0,False,False
1764366856.4745014,51,False,False,False,19,False,0,False,False
1764366860.7622776,51,False,False,False,18,False,0,False,False
1764366865.0375679,51,False,False,False,18,False,0,False,False
1764366872.0886133,51,False,False,False,16,False,0,False,False
1764366876.6474614,51,False,False,False,16,False,0,False,False
1764366879.3472571,51,False,False,False,16,False,0,False,False
1764366882.7567668,51,False,False,False,15,False,0,False,False
1764366887.2692108,51,False,False,False,14,False,1,False,False
1764366891.6576765,51,False,False,False,14,False,1,False,False
1764366896.9633017,51,False,False,False,13,False,1,False,False
1764366902.5250187,51,False,False,False,12,False,1,False,False
1764366908.3352983,51,False,False,False,12,False,1,False,False
1764366913.5317788,51,False,False,False,11,False,1,False,False
1764366916.9313734,51,False,False,False,11,False,1,False,False
1764366919.658405,50,False,True,True,11,True,1,False,False
1764366923.066561,49,False,True,True,12,True,1,False,False
1764366928.7715175,46,False,True,True,14,True,1,False,False
1764366932.3046832,45,False,True,True,15,True,1,False,False
1764366935.648343,43,False,True,True,16,True,1,False,False
1764366939.6808615,41,False,True,True,17,True,1,False,False
1764366944.3531132,41,True,True,True,18,True,1,False,False
1764366946.6366315,41,True,True,True,19,True,1,False,False
1764366948.7612996,42,True,True,True,19,True,1,False,False
1764366952.8654494,43,True,False,False,21,False,1,False,False
1764366956.8780844,46,True,False,False,20,False,1,False,False
1764366962.0295882,49,True,False,False,19,False,2,False,False
1764366967.0467625,52,True,False,False,18,False,2,False,False
1764366972.5246868,55,True,False,False,17,False,2,False,False
1764366977.4806325,59,True,False,False,17,False,2,False,False
1764366981.3551793,61,True,False,False,16,False,2,False,False
1764366985.1018698,64,True,False,False,16,False,2,False,False
1764366988.3185797,66,True,False,False,15,False,2,False,False
1764366992.0165062,68,True,False,False,15,False,2,False,False
1764366995.5872583,70,True,False,False,14,False,2,False,False
1764367000.6061325,74,True,False,False,13,False,2,False,False
1764367003.9885254,76,True,False,False,13,False,2,False,False
1764367008.932141,79,True,False,False,12,False,2,False,False
1764367012.003314,80,False,False,False,12,False,2,False,False
1764367015.8601127,80,False,False,False,11,False,2,False,False
1764367019.5149956,80,False,False,False,11,False,2,False,False
1764367022.7439013,80,False,False,False,11,False,2,False,False
1764367027.4276476,80,False,False,False,10,True,2,False,False
1764367032.2170012,78,False,True,True,13,True,1,False,False
1764367036.0274496,75,False,True,True,16,True,0,False,False
1764367039.8697646,73,False,True,True,18,True,0,False,False
1764367043.2019265,72,False,True,True,19,True,0,False,False
1764367048.712004,69,False,False,False,21,False,0,False,False
1764367056.034834,69,False,False,False,20,False,0,False,False
1764367060.9065099,69,False,False,False,19,False,0,False,False
1764367064.7883406,69,False,False,False,18,False,0,False,False
1764367069.3511426,69,False,False,False,17,False,1,False,False
1764367073.7415628,69,False,False,False,17,False,1,False,False
1764367077.176905,69,False,False,False,16,False,1,False,False
1764367083.4133186,69,False,False,False,15,False,1,False,False
1764367087.6511793,69,False,False,False,15,False,1,False,False
1764367093.480796,69,False,False,False,14,False,1,False,False
1764367099.431271,69,False,False,False,13,False,1,False,False
1764367104.9536455,69,False,False,False,12,False,1,False,False
1764367108.4890828,69,False,False,False,12,False,1,False,False
1764367113.203812,69,False,False,False,11,False,1,False,False
1764367118.3088002,69,False,False,False,11,False,1,False,False
1764367121.4879541,69,False,False,False,10,True,1,False,False
1764367126.903617,67,False,True,True,12,True,1,False,False
1764367131.6246054,65,False,True,True,13,True,1,False,False
1764367136.248245,62,False,True,True,15,True,1,False,False
1764367139.25022,60,False,True,True,16,True,1,False,False
1764367142.8756595,59,False,True,True,18,True,2,False,False
1764367147.2649958,56,False,True,True,19,True,2,False,False
1764367153.7795336,54,False,False,False,21,False,2,False,False
1764367157.975433,54,False,False,False,20,False,2,False,False
1764367162.7319598,54,False,False,False,20,False,2,False,False
1764367166.2184684,54,False,False,False,19,False,2,False,False
1764367168.9676306,54,False,False,False,18,False,2,False,False
1764367171.609748,54,False,False,False,18,False,2,False,False
1764367177.5428338,54,False,False,False,17,False,2,False,False
1764367182.8070292,54,False,False,False,16,False,2,False,False
1764367186.9144669,54,False,False,False,16,False,2,False,False
1764367190.5886323,54,False,False,False,15,False,2,False,False
1764367192.677154,54,False,False,False,15,False,2,False,False
1764367198.1410544,54,False,False,False,14,False,2,False,False
1764367203.4932823,54,False,False,False,14,False,2,False,False
1764367206.6569352,54,False,False,False,13,False,2,False,False
1764367211.557112,54,False,False,False,15,False,0,False,False
1764367215.1751308,54,False,False,False,14,False,0,False,False
1764367218.9579148,54,False,False,False,14,False,0,False,False
1764367222.4863954,54,False,False,False,14,False,0,False,False
1764367226.245051,54,False,False,False,13,False,0,False,False
1764367232.1429503,54,False,False,False,12,False,0,False,False
1764367236.5420322,54,False,False,False,12,False,0,False,False
1764367239.5235002,54,False,False,False,11,False,0,False,False
1764367242.8779838,54,False,False,False,11,False,0,False,False
1764367247.9547179,54,False,True,True,11,True,0,False,False
1764367253.0981593,51,False,True,True,12,True,0,False,False
1764367256.8352084,50,False,True,True,13,True,1,False,False
1764367262.521906,47,False,True,True,15,True,1,False,False
1764367266.5814683,45,False,True,True,16,True,1,False,False
1764367269.7356546,44,False,True,True,17,True,1,False,False
1764367276.529992,41,False,True,True,19,True,1,False,False
1764367281.5628421,41,True,True,True,20,False,1,False,False
1764367285.969616,43,True,False,False,20,False,1,False,False
1764367289.7694008,45,True,False,False,19,False,1,False,False
1764367294.5154998,49,True,False,False,19,False,1,False,False
1764367300.396995,52,True,False,False,18,False,1,False,False
1764367306.7407336,56,True,False,False,17,False,1,False,False
1764367311.3247545,60,True,False,False,16,False,1,False,False
