timestamp,PLC1_IR0,PLC1_C0,PLC1_C1,PLC1_C2,PLC2_IR0,PLC2_C0,PLC3_IR0,PLC3_C0,PLC3_C1
1764361302.9803329,56,True,False,False,17,False,2,False,False
1764361309.3520646,61,True,False,False,16,False,2,False,False
1764361315.6347218,65,True,False,False,15,False,2,False,False
1764361322.6637034,69,True,False,False,14,False,2,False,False
1764361328.0107298,73,True,False,False,13,False,2,False,False
1764361335.1499577,77,True,False,False,12,False,2,False,False
1764361341.508539,80,False,False,False,11,False,2,False,False
1764361347.8241854,80,False,False,False,13,False,0,False,False
1764361353.2435262,80,False,False,False,12,False,0,False,False
1764361359.8257453,80,False,False,False,12,False,0,False,False
1764361367.5707054,80,False,False,False,11,False,0,False,False
1764361374.2294636,79,False,True,True,10,True,0,False,False
1764361381.7157793,75,False,True,True,14,True,0,False,False
1764361387.8218484,71,False,True,True,16,True,0,False,False
1764361394.1237984,68,False,True,True,19,True,1,False,False
1764361400.349336,66,False,False,False,20,False,1,False,False
1764361406.067042,66,False,False,False,19,False,1,False,False
1764361412.2238388,66,False,False,False,18,False,1,False,False
1764361418.5628273,66,False,False,False,17,False,1,False,False
1764361424.600199,66,False,False,False,16,False,1,False,False
1764361432.1744883,66,False,False,False,15,False,1,False,False
1764361438.9858873,66,False,False,False,14,False,1,False,False
1764361446.2329624,66,False,False,False,13,False,1,False,False
1764361452.2679849,66,False,False,False,12,False,1,False,False
1764361457.5698328,66,False,False,False,12,False,2,False,False
1764361465.1242766,66,False,False,False,11,False,2,False,False
1764361472.2584686,66,False,True,True,10,True,2,False,False
1764361478.255299,63,False,True,True,12,True,2,False,False
1764361483.5732098,60,False,True,True,14,True,2,False,False
1764361490.1742232,57,False,True,True,17,True,2,False,False
1764361495.8642166,54,False,True,True,18,True,2,False,False
1764361501.792193,52,False,True,True,20,False,2,False,False
1764361509.408912,51,False,False,False,19,False,2,False,False
1764361515.8721905,51,False,False,False,18,False,2,False,False
1764361521.6496081,51,False,False,False,17,False,2,False,False
1764361529.5148618,51,False,False,False,19,False,0,False,False
1764361535.5819707,51,False,False,False,18,False,0,False,False
1764361541.1622097,51,False,False,False,17,False,0,False,False
1764361547.901914,51,False,False,False,16,False,0,False,False
1764361554.086564,51,False,False,False,15,False,0,False,False
1764361560.6236386,51,False,False,False,14,False,0,False,False
1764361567.2083886,51,False,False,False,13,False,0,False,False
1764361573.6784332,51,False,False,False,12,False,1,False,False
1764361579.592312,51,False,False,False,12,False,1,False,False
1764361585.4869633,51,False,False,False,11,False,1,False,False
1764361592.4077215,51,False,True,True,10,True,1,False,False
1764361599.365372,48,False,True,True,12,True,1,False,False
1764361605.9055216,45,False,True,True,14,True,1,False,False
1764361613.1672833,42,False,True,True,16,True,1,False,False
1764361618.886725,40,True,True,True,18,True,1,False,False
1764361624.4157133,42,True,True,True,19,True,1,False,False
1764361630.5105498,44,True,False,False,20,False,1,False,False
1764361636.1590538,48,True,False,False,19,False,1,False,False
1764361642.3034089,52,True,False,False,18,False,2,False,False
1764361648.866207,56,True,False,False,17,False,2,False,False
1764361654.8244736,60,True,False,False,16,False,2,False,False
1764361659.7572963,63,True,False,False,15,False,2,False,False
1764361665.9036827,67,True,False,False,15,False,2,False,False
1764361672.009165,71,True,False,False,14,False,2,False,False
1764361677.668099,74,True,False,False,13,False,2,False,False
1764361683.6432002,79,True,False,False,12,False,2,False,False
1764361691.0558476,80,False,False,False,11,False,2,False,False
1764361698.1380203,80,False,False,False,10,True,2,False,False
1764361704.9553432,79,False,True,True,11,True,2,False,False
1764361710.7956426,76,False,True,True,13,True,2,False,False
1764361716.2094398,73,False,True,True,17,True,1,True,False
1764361722.230481,69,False,True,True,20,False,0,False,False
1764361729.796451,69,False,False,False,20,False,0,False,False
1764361736.7182097,69,False,False,False,19,False,0,False,False
1764361744.4324672,69,False,False,False,17,False,0,False,False
1764361750.1169164,69,False,False,False,17,False,0,False,False
1764361756.99265,69,False,False,False,16,False,1,False,False
1764361764.032887,69,False,False,False,15,False,1,False,False
1764361770.2046485,69,False,False,False,14,False,1,False,False
1764361777.0061169,69,False,False,False,13,False,1,False,False
1764361783.8946023,69,False,False,False,12,False,1,False,False
1764361789.3437757,69,False,False,False,11,False,1,False,False
1764361795.5307395,69,False,False,False,11,False,1,False,False
1764361802.3249805,67,False,True,True,12,True,1,False,False
1764361808.6169457,64,False,True,True,14,True,1,False,False
1764361814.3091078,61,False,True,True,16,True,1,False,False
1764361820.4527483,58,False,True,True,18,True,1,False,False
1764361827.531958,54,False,False,False,21,False,2,False,False
1764361833.806201,54,False,False,False,20,False,2,False,False
1764361841.7844822,54,False,False,False,19,False,2,False,False
1764361848.1066217,54,False,False,False,18,False,2,False,False
1764361854.3142421,54,False,False,False,17,False,2,False,False
1764361860.0729005,54,False,False,False,16,False,2,False,False
1764361866.453006,54,False,False,False,15,False,2,False,False
1764361872.2847173,54,False,False,False,14,False,2,False,False
1764361879.7471254,54,False,False,False,13,False,2,False,False
1764361885.7915533,54,False,False,False,12,False,2,False,False
1764361892.3526123,54,False,False,False,12,False,2,False,False
1764361897.9483073,54,False,False,False,14,False,0,False,False
1764361904.1689432,54,False,False,False,13,False,0,False,False
1764361911.0795372,54,False,False,False,12,False,0,False,False
1764361917.7954934,54,False,False,False,11,False,0,False,False
1764361924.8733604,53,False,True,True,11,True,0,False,False
1764361931.034329,50,False,True,True,13,True,0,False,False
1764361936.1606746,48,False,True,True,15,True,0,False,False
1764361941.530499,45,False,True,True,16,True,1,False,False
1764361946.5495327,43,False,True,True,18,True,1,False,False
1764361951.430022,41,False,True,True,19,True,1,False,False
1764361956.0557938,41,True,True,True,20,False,1,False,False
1764361961.588062,43,True,False,False,20,False,1,False,False
1764361967.782995,47,True,False,False,19,False,1,False,False
1764361973.0692225,51,True,False,False,18,False,1,False,False
1764361979.7677543,55,True,False,False,17,False,1,False,False
1764361987.310666,60,True,False,False,16,False,1,False,False
1764361993.8842762,64,True,False,False,15,False,1,False,False
1764362001.1365294,69,True,False,False,14,False,1,False,False
1764362007.1504445,73,True,False,False,13,False,2,False,False
1764362013.3178527,77,True,False,False,13,False,2,False,False
1764362019.3582268,80,False,False,False,12,False,2,False,False
1764362026.4950662,80,False,False,False,11,False,2,False,False
1764362032.416258,80,False,False,False,10,True,2,False,False
1764362038.7782853,77,False,True,True,12,True,2,False,False
1764362045.5967972,73,False,True,True,15,True,2,False,False
1764362052.2622836,69,False,True,True,18,True,2,False,False
1764362058.4981887,66,False,False,False,20,False,2,False,False
1764362065.1156886,66,False,False,False,19,False,2,False,False
1764362071.430142,66,False,False,False,18,False,2,False,False
1764362078.081738,66,False,False,False,17,False,3,True,False
1764362084.7144742,66,False,False,False,19,False,0,False,False
1764362091.493973,66,False,False,False,18,False,0,False,False
1764362097.58398,66,False,False,False,17,False,0,False,False
1764362104.727136,66,False,False,False,16,False,0,False,False
1764362110.8476646,66,False,False,False,15,False,0,False,False
1764362117.496932,66,False,False,False,14,False,0,False,False
1764362124.481846,66,False,False,False,13,False,1,False,False
1764362131.1922164,66,False,False,False,12,False,1,False,False
1764362138.711107,66,False,False,False,11,False,1,False,False
1764362145.8157969,66,False,False,False,10,True,1,False,False
1764362151.6383567,64,False,True,True,11,True,1,False,False
1764362158.0935497,61,False,True,True,14,True,1,False,False
1764362166.0776813,57,False,True,True,17,True,1,False,False
1764362173.9462607,53,False,True,True,19,True,1,False,False
1764362179.0673668,51,False,False,False,20,False,1,False,False
1764362184.6732306,51,False,False,False,20,False,1,False,False
1764362190.6781204,51,False,False,False,19,False,2,False,False
1764362197.958845,51,False,False,False,18,False,2,False,False
1764362204.7710488,51,False,False,False,17,False,2,False,False
1764362211.5955756,51,False,False,False,16,False,2,False,False
1764362218.4358118,51,False,False,False,15,False,2,False,False
1764362225.2783537,51,False,False,False,14,False,2,False,False
1764362231.9885032,51,False,False,False,13,False,2,False,False
1764362239.9264557,51,False,False,False,12,False,2,False,False
1764362246.8491209,51,False,False,False,11,False,2,False,False
1764362252.2267454,51,False,False,False,10,True,2,False,False
1764362257.3190622,49,False,True,True,11,True,2,False,False
1764362263.832887,47,False,True,True,13,True,2,True,False
1764362271.4810917,43,False,True,True,18,True,0,False,False
1764362278.2074213,41,False,False,False,20,False,0,False,False
1764362283.8914602,43,True,False,False,19,False,0,False,False
1764362290.6099014,48,True,False,False,18,False,0,False,False
1764362296.2378118,51,True,False,False,17,False,0,False,False
1764362301.689233,55,True,False,False,16,False,0,False,False
1764362308.893239,60,True,False,False,15,False,1,False,False
1764362315.0858204,63,True,False,False,15,False,1,False,False
1764362321.1630654,67,True,False,False,14,False,1,False,False
1764362327.9487936,72,True,False,False,13,False,1,False,False
1764362333.7282293,76,True,False,False,12,False,1,False,False
1764362343.386508,80,False,False,False,11,False,1,False,False
1764362349.8035972,79,False,True,True,11,True,1,False,False
1764362357.8918066,75,False,True,True,14,True,1,False,False
1764362366.9785244,70,False,True,True,18,True,1,False,False
1764362375.233745,66,False,False,False,20,False,2,False,False
1764362382.3425899,66,False,False,False,19,False,2,False,False
1764362391.216023,66,False,False,False,18,False,2,False,False
1764362401.1533232,66,False,False,False,16,False,2,False,False
1764362410.5520914,66,False,False,False,15,False,2,False,False
1764362420.0854478,66,False,False,False,14,False,2,False,False
1764362426.9117165,66,False,False,False,13,False,2,False,False
1764362434.8464398,66,False,False,False,12,False,2,False,False
1764362441.1002002,66,False,False,False,11,False,2,False,False
1764362449.9998045,65,False,True,True,13,True,0,False,False
1764362459.41537,61,False,True,True,17,True,0,False,False
1764362466.000445,57,False,True,True,19,True,0,False,False
1764362471.9189472,54,False,True,True,21,False,0,False,False
1764362479.684355,53,False,False,False,20,False,0,False,False
1764362488.3069232,53,False,False,False,19,False,1,False,False
1764362497.185993,53,False,False,False,18,False,1,False,False
1764362505.0043995,53,False,False,False,16,False,1,False,False
1764362514.7213643,53,False,False,False,15,False,1,False,False
1764362522.1635313,53,False,False,False,14,False,1,False,False
1764362531.6520457,53,False,False,False,13,False,1,False,False
1764362540.0245514,53,False,False,False,12,False,1,False,False
1764362549.4246993,53,False,False,False,11,True,1,False,False
1764362559.5331385,51,False,True,True,12,True,2,False,False
1764362567.67431,47,False,True,True,15,True,2,False,False
1764362577.255711,43,False,True,True,17,True,2,False,False
1764362583.2065823,40,True,True,True,19,True,2,False,False
1764362592.0461426,44,True,False,False,20,False,2,False,False
1764362601.4938524,50,True,False,False,18,False,2,False,False
1764362611.4172451,56,True,False,False,17,False,2,False,False
1764362622.1517332,63,True,False,False,15,False,2,False,False
1764362630.4276707,68,True,False,False,17,False,0,False,False
1764362637.6184447,73,True,False,False,16,False,0,False,False
1764362647.6431038,80,False,False,False,14,False,0,False,False
1764362658.3780317,80,False,False,False,13,False,0,False,False
1764362667.311575,80,False,False,False,12,False,0,False,False
1764362672.2963312,80,False,False,False,11,False,1,False,False
1764362678.6124222,80,False,True,True,10,True,1,False,False
1764362684.9456558,76,False,True,True,13,True,1,False,False
1764362694.6807835,71,False,True,True,17,True,1,False,False
1764362703.0744324,66,False,True,True,20,False,1,False,False
1764362713.3304222,66,False,False,False,19,False,1,False,False
1764362721.2092366,66,False,False,False,18,False,1,False,False
1764362726.7291028,66,False,False,False,17,False,1,False,False
1764362734.4207025,66,False,False,False,16,False,1,False,False
1764362741.0602145,66,False,False,False,15,False,2,False,False
1764362750.6475284,66,False,False,False,13,False,2,False,False
1764362759.9599938,66,False,False,False,12,False,2,False,False
1764362768.2342558,66,False,False,False,11,False,2,False,False
1764362777.431272,66,False,False,False,10,True,2,False,False
1764362783.601336,64,False,True,True,12,True,2,False,False
1764362790.8520336,60,False,True,True,15,True,2,False,False
1764362799.4248052,56,False,True,True,17,True,2,False,False
1764362809.20252,51,False,False,False,20,False,2,False,False
1764362817.0423071,51,False,False,False,22,False,0,False,False
1764362825.4357307,51,False,False,False,20,False,0,False,False
1764362832.6614711,51,False,False,False,19,False,0,False,False
1764362844.2195895,51,False,False,False,17,False,0,False,False
1764362852.8650856,51,False,False,False,16,False,1,False,False
1764362863.097618,51,False,False,False,15,False,1,False,False
1764362870.133301,51,False,False,False,14,False,1,False,False
1764362878.293686,51,False,False,False,13,False,1,False,False
1764362886.1345186,51,False,False,False,12,False,1,False,False
1764362895.0232346,51,False,False,False,10,True,1,False,False
1764362901.453076,50,False,True,True,11,True,1,False,False
1764362910.4883246,46,False,True,True,14,True,1,False,False
1764362917.2152836,43,False,True,True,16,True,1,False,False
1764362925.288693,41,True,True,True,18,True,2,False,False
1764362934.425914,43,True,False,False,20,False,2,False,False
1764362941.6613333,47,True,False,False,19,False,2,False,False
1764362952.4115176,55,True,False,False,17,False,2,False,False
1764362961.6945224,60,True,False,False,16,False,2,False,False
1764362969.2779343,66,True,False,False,15,False,2,False,False
1764362977.47867,71,True,False,False,14,False,2,False,False
1764362987.2847843,77,True,False,False,12,False,2,False,False
1764362996.3266757,80,False,False,False,14,False,0,False,False
1764363004.9113255,80,False,False,False,13,False,0,False,False
1764363015.109654,80,False,False,False,11,False,0,False,False
1764363023.8236804,80,False,True,True,10,True,0,False,False
1764363032.0088887,76,False,True,True,14,True,0,False,False
1764363041.6886961,70,False,True,True,18,True,1,False,False
1764363047.9411528,67,False,True,True,20,False,1,False,False
1764363056.259803,66,False,False,False,19,False,1,False,False
1764363065.0932367,66,False,False,False,18,False,1,False,False
1764363075.1147106,66,False,False,False,16,False,1,False,False
1764363082.3190868,66,False,False,False,15,False,1,False,False
1764363089.5663445,66,False,False,False,14,False,1,False,False
1764363099.2824757,66,False,False,False,13,False,1,False,False
1764363108.870285,66,False,False,False,12,False,2,False,False
1764363117.7562943,66,False,False,False,11,False,2,False,False
1764363125.234005,66,False,True,True,10,True,2,False,False
1764363133.2884855,62,False,True,True,14,True,2,False,False
1764363140.8614912,58,False,True,True,16,True,2,False,False
1764363148.0011961,54,False,True,True,19,True,2,False,False
1764363157.2772868,51,False,False,False,20,False,2,False,False
1764363168.5742788,51,False,False,False,18,False,2,False,False
1764363177.341794,51,False,False,False,18,False,1,True,False
1764363183.2635722,51,False,False,False,19,False,0,False,False
1764363191.895094,51,False,False,False,17,False,0,False,False
1764363199.2394302,51,False,False,False,16,False,0,False,False
1764363207.354943,51,False,False,False,15,False,0,False,False
1764363216.9756603,51,False,False,False,14,False,1,False,False
1764363225.8492951,51,False,False,False,13,False,1,False,False
1764363234.6019475,51,False,False,False,11,False,1,False,False
1764363244.176292,51,False,True,True,10,True,1,False,False
1764363252.3384364,48,False,True,True,13,True,1,False,False
1764363261.7172213,44,False,True,True,16,True,1,False,False
1764363268.7823339,41,False,True,True,17,True,1,False,False
1764363275.7646167,42,True,True,True,19,True,1,False,False
1764363285.6830537,46,True,False,False,19,False,1,False,False
1764363294.4067316,52,True,False,False,18,False,2,False,False
1764363304.698345,59,True,False,False,16,False,2,False,False
1764363312.6123,64,True,False,False,15,False,2,False,False
1764363322.4133203,70,True,False,False,14,False,2,False,False
1764363332.1181579,76,True,False,False,13,False,2,False,False
1764363340.953244,80,False,False,False,12,False,2,False,False
1764363349.653634,80,False,False,False,10,True,2,False,False
1764363360.04356,77,False,True,True,12,True,2,False,False
1764363366.9020915,73,False,True,True,18,True,0,False,False
1764363375.8980336,69,False,False,False,21,False,0,False,False
1764363386.9171147,69,False,False,False,19,False,0,False,False
1764363395.542656,69,False,False,False,17,False,0,False,False
1764363404.4526117,69,False,False,False,16,False,1,False,False
1764363411.8515742,69,False,False,False,15,False,1,False,False
1764363421.4106967,69,False,False,False,14,False,1,False,False
1764363429.3272998,69,False,False,False,13,False,1,False,False
1764363437.0872803,69,False,False,False,12,False,1,False,False
1764363445.1398242,69,False,False,False,11,False,1,False,False
1764363451.720522,68,False,True,True,11,True,1,False,False
1764363458.1971061,65,False,True,True,13,True,1,False,False
1764363465.450633,61,False,True,True,16,True,1,False,False
1764363472.6164188,58,False,True,True,19,True,1,False,False
1764363481.6890483,54,False,False,False,21,False,2,False,False
1764363489.955094,54,False,False,False,19,False,2,False,False
1764363499.5237823,54,False,False,False,18,False,2,False,False
1764363508.8311393,54,False,False,False,16,False,2,False,False
1764363516.6227343,54,False,False,False,15,False,2,False,False
1764363524.0902183,54,False,False,False,14,False,2,False,False
1764363533.3150182,54,False,False,False,13,False,2,False,False
1764363542.0270889,54,False,False,False,12,False,3,True,False
1764363552.4892654,54,False,False,False,13,False,0,False,False
1764363561.1111593,54,False,False,False,12,False,0,False,False
1764363569.8043554,54,False,False,False,11,False,0,False,False
1764363579.9046657,51,False,True,True,12,True,0,False,False
1764363590.730004,47,False,True,True,16,True,1,False,False
1764363600.7214794,42,False,True,True,18,True,1,False,False
1764363608.7128747,41,True,True,True,20,False,1,False,False
1764363617.0805345,46,True,False,False,20,False,1,False,False
1764363627.1213868,53,True,False,False,18,False,1,False,False
1764363632.9373927,56,True,False,False,17,False,1,False,False
1764363641.2780616,62,True,False,False,16,False,1,False,False
1764363651.8412762,68,True,False,False,14,False,1,False,False
1764363664.1327193,77,True,False,False,13,False,2,False,False
1764363670.57826,80,False,False,False,12,False,2,False,False
1764363678.8884346,80,False,False,False,11,False,2,False,False
1764363686.8840802,79,False,True,True,11,True,2,False,False
1764363695.7071908,74,False,True,True,15,True,2,False,False
1764363704.8630826,69,False,True,True,18,True,2,False,False
1764363714.2271152,66,False,False,False,20,False,2,False,False
1764363723.7181404,66,False,False,False,18,False,2,False,False
1764363733.2389042,66,False,False,False,19,False,0,False,False
1764363740.4037156,66,False,False,False,18,False,0,False,False
1764363748.678774,66,False,False,False,17,False,0,False,False
1764363755.6891766,66,False,False,False,16,False,0,False,False
1764363763.570416,66,False,False,False,15,False,0,False,False
1764363772.7353683,66,False,False,False,13,False,1,False,False
1764363781.871631,66,False,False,False,12,False,1,False,False
1764363789.0129223,66,False,False,False,11,False,1,False,False
1764363799.7981746,66,False,True,True,10,True,1,False,False
1764363808.1141024,62,False,True,True,13,True,1,False,False
1764363817.3527207,57,False,True,True,16,True,1,False,False
1764363825.234261,53,False,True,True,19,True,1,False,False
1764363832.4192815,51,False,False,False,20,False,1,False,False
1764363840.0500324,51,False,False,False,19,False,2,False,False
1764363848.0216072,51,False,False,False,18,False,2,False,False
1764363856.7071373,51,False,False,False,17,False,2,False,False
1764363863.3499994,51,False,False,False,16,False,2,False,False
1764363869.3773932,51,False,False,False,15,False,2,False,False
1764363875.3529594,51,False,False,False,14,False,2,False,False
1764363882.3897197,51,False,False,False,13,False,2,False,False
1764363891.681105,51,False,False,False,12,False,2,False,False
1764363899.921069,51,False,False,False,11,False,2,False,False
1764363909.3626583,49,False,True,True,11,True,2,False,False
1764363917.137113,46,False,True,True,16,True,0,False,False
1764363925.765329,42,False,True,True,19,True,0,False,False
1764363936.2174058,43,True,False,False,19,False,0,False,False
1764363944.5331228,49,True,False,False,18,False,0,False,False
1764363951.2062204,53,True,False,False,17,False,1,False,False
1764363961.438687,60,True,False,False,15,False,1,False,False
1764363969.2881124,65,True,False,False,14,False,1,False,False
1764363978.8366814,71,True,False,False,13,False,1,False,False
1764363987.2851467,76,True,False,False,12,False,1,False,False
1764363996.3802521,80,False,False,False,11,False,1,False,False
1764364006.6175308,76,False,True,True,13,True,1,False,False
1764364017.2852426,71,False,True,True,17,True,1,False,False
1764364027.1313329,66,False,False,False,20,False,2,False,False
1764364038.3794992,66,False,False,False,18,False,2,False,False
1764364045.8981693,66,False,False,False,17,False,2,False,False
1764364056.2773652,66,False,False,False,16,False,2,False,False
1764364065.3014197,66,False,False,False,14,False,2,False,False
1764364074.258062,66,False,False,False,13,False,2,False,False
1764364081.073865,66,False,False,False,12,False,2,False,False
1764364089.6760247,66,False,False,False,11,False,2,False,False
1764364097.9643655,66,False,False,False,13,False,0,False,False
1764364107.0858588,66,False,False,False,12,False,0,False,False
1764364116.1075523,66,False,False,False,10,True,0,False,False
1764364122.8692226,65,False,True,True,11,True,0,False,False
1764364129.5705986,61,False,True,True,14,True,0,False,False
1764364136.878407,58,False,True,True,16,True,0,False,False
1764364143.4206326,55,False,True,True,18,True,1,False,False
1764364150.9469323,51,False,False,False,21,False,1,False,False
1764364159.392091,51,False,False,False,19,False,1,False,False
1764364167.6070123,51,False,False,False,18,False,1,False,False
1764364177.0587282,51,False,False,False,16,False,1,False,False
1764364186.0136712,51,False,False,False,15,False,1,False,False
1764364196.184896,51,False,False,False,14,False,1,False,False
1764364204.7237592,51,False,False,False,13,False,1,False,False
1764364213.6261625,51,False,False,False,11,False,2,False,False
1764364220.9217138,51,False,False,False,11,False,2,False,False
1764364228.1536524,50,False,True,True,11,True,2,False,False
1764364238.8891704,45,False,True,True,14,True,2,False,False
1764364250.8373456,41,True,True,True,18,True,2,False,False
1764364260.6889477,43,True,False,False,20,False,2,False,False
1764364268.7717152,48,True,False,False,19,False,2,False,False
1764364274.5103812,51,True,False,False,18,False,2,False,False
1764364281.8091981,57,True,False,False,19,False,0,False,False
1764364290.110182,62,True,False,False,18,False,0,False,False
1764364301.2365675,69,True,False,False,17,False,0,False,False
1764364310.2243018,75,True,False,False,15,False,0,False,False
1764364319.131532,80,False,False,False,14,False,1,False,False
1764364326.4833364,80,False,False,False,13,False,1,False,False
1764364331.5699322,80,False,False,False,12,False,1,False,False
1764364341.7167017,80,False,False,False,11,False,1,False,False
1764364349.4164383,80,False,False,False,10,True,1,False,False
1764364356.5690572,77,False,True,True,12,True,1,False,False
1764364362.3804882,74,False,True,True,15,True,1,False,False
1764364367.6969223,71,False,True,True,17,True,1,False,False
1764364375.9421003,66,False,False,False,20,False,1,False,False
1764364385.0155747,66,False,False,False,19,False,1,False,False
1764364392.4134274,66,False,False,False,18,False,2,False,False
1764364400.45843,66,False,False,False,16,False,2,False,False
1764364408.2120416,66,False,False,False,15,False,2,False,False
1764364417.2606623,66,False,False,False,14,False,2,False,False
1764364428.2585807,66,False,False,False,13,False,2,False,False
1764364435.864045,66,False,False,False,12,False,2,False,False
1764364446.6246183,66,False,True,True,11,True,2,False,False
1764364458.4033022,60,False,True,True,15,True,2,False,False
1764364469.0975037,55,False,True,True,21,False,0,False,False
1764364478.0031989,54,False,False,False,21,False,0,False,False
1764364489.7467754,54,False,False,False,19,False,0,False,False
1764364497.575379,54,False,False,False,18,False,0,False,False
1764364504.099802,54,False,False,False,17,False,1,False,False
1764364512.9755406,54,False,False,False,15,False,1,False,False
1764364522.3322492,54,False,False,False,14,False,1,False,False
1764364530.3588495,54,False,False,False,13,False,1,False,False
1764364538.2895496,54,False,False,False,12,False,1,False,False
1764364546.03218,54,False,False,False,11,False,1,False,False
1764364552.848202,53,False,True,True,11,True,1,False,False
1764364561.0171325,49,False,True,True,14,True,1,False,False
1764364569.31972,45,False,True,True,16,True,1,False,False
1764364578.3255534,42,False,True,True,19,True,2,False,False
1764364587.215197,42,True,False,False,21,False,2,False,False
1764364595.8325932,47,True,False,False,19,False,2,False,False
1764364605.2445064,54,True,False,False,18,False,2,False,False
1764364612.2982116,58,True,False,False,17,False,2,False,False
1764364619.7826455,63,True,False,False,15,False,2,False,False
1764364629.7271156,69,True,False,False,14,False,2,False,False
1764364637.1685324,75,True,False,False,13,False,2,False,False
1764364643.3852963,78,True,False,False,14,False,1,True,False
1764364652.8119278,80,False,False,False,14,False,0,False,False
1764364662.6091988,80,False,False,False,12,False,0,False,False
1764364671.1332576,80,False,False,False,11,False,0,False,False
1764364677.2731862,80,False,False,False,10,True,0,False,False
1764364685.5274806,77,False,True,True,12,True,0,False,False
1764364691.2937026,74,False,True,True,14,True,1,False,False
1764364700.2816706,69,False,True,True,18,True,1,False,False
1764364707.9341974,66,False,False,False,20,False,1,False,False
1764364719.0364943,66,False,False,False,18,False,1,False,False
1764364730.5306551,66,False,False,False,17,False,1,False,False
1764364740.9792743,66,False,False,False,15,False,1,False,False
1764364749.4806495,66,False,False,False,14,False,1,False,False
1764364757.4237444,66,False,False,False,13,False,2,False,False
1764364767.759186,66,False,False,False,11,False,2,False,False
1764364776.0382972,66,False,False,False,11,False,2,False,False
1764364784.219339,64,False,True,True,11,True,2,False,False
1764364793.32437,60,False,True,True,14,True,2,False,False
1764364801.1438239,56,False,True,True,17,True,2,False,False
1764364810.62222,51,False,False,False,20,False,2,False,False
1764364821.534715,51,False,False,False,19,False,2,False,False
1764364831.9734693,51,False,False,False,20,False,0,False,False
1764364838.8075538,51,False,False,False,19,False,0,False,False
1764364847.6676233,51,False,False,False,17,False,0,False,False
1764364854.9521263,51,False,False,False,16,False,0,False,False
1764364864.5286639,51,False,False,False,15,False,0,False,False
1764364875.2377095,51,False,False,False,13,False,1,False,False
1764364883.1292458,51,False,False,False,12,False,1,False,False
1764364890.4284644,51,False,False,False,11,False,1,False,False
1764364901.8219028,51,False,True,True,10,True,1,False,False
1764364909.5752854,47,False,True,True,13,True,1,False,False
1764364918.8759675,43,False,True,True,15,True,1,False,False
1764364926.0743277,40,True,True,True,18,True,1,False,False
1764364934.5837393,43,True,True,True,20,False,1,False,False
1764364942.692394,47,True,False,False,19,False,2,False,False
1764364949.2550323,51,True,False,False,18,False,2,False,False
1764364957.9207313,57,True,False,False,17,False,2,False,False
1764364967.5945203,63,True,False,False,15,False,2,False,False
1764364977.0228338,69,True,False,False,14,False,2,False,False
1764364984.3204706,74,True,False,False,13,False,2,False,False
1764364992.0420525,79,True,False,False,12,False,2,False,False
1764365000.5121906,80,False,False,False,11,False,2,False,False
1764365011.9835548,77,False,True,True,13,True,3,True,False
1764365020.9851935,72,False,True,True,19,True,0,False,False
1764365027.947889,69,False,False,False,21,False,0,False,False
1764365035.8476782,69,False,False,False,20,False,0,False,False
1764365042.3743265,69,False,False,False,19,False,0,False,False
1764365050.5896251,69,False,False,False,17,False,1,False,False
1764365056.8271399,69,False,False,False,16,False,1,False,False
1764365063.040062,69,False,False,False,16,False,1,False,False
1764365070.5094535,69,False,False,False,14,False,1,False,False
1764365077.7125309,69,False,False,False,14,False,1,False,False
1764365084.4293907,69,False,False,False,13,False,1,False,False
1764365090.8016937,69,False,False,False,12,False,1,False,False
1764365099.4538512,69,False,False,False,11,False,1,False,False
1764365109.0654328,68,False,True,True,11,True,1,False,False
1764365116.948512,64,False,True,True,14,True,1,False,False
1764365124.0898814,60,False,True,True,17,True,2,False,False
1764365131.9926295,56,False,True,True,19,True,2,False,False
1764365139.6826198,54,False,False,False,20,False,2,False,False
1764365149.5878942,54,False,False,False,19,False,2,False,False
1764365158.1850994,54,False,False,False,17,False,2,False,False
1764365165.9719648,54,False,False,False,16,False,2,False,False
1764365173.3507638,54,False,False,False,15,False,2,False,False
1764365179.9906406,54,False,False,False,14,False,2,False,False
1764365189.7983599,54,False,False,False,13,False,2,False,False
1764365198.3986242,54,False,False,False,14,False,0,False,False
1764365208.132173,54,False,False,False,13,False,0,False,False
1764365217.031906,54,False,False,False,12,False,0,False,False
1764365226.5402436,54,False,False,False,11,False,0,False,False
1764365233.9063177,53,False,True,True,11,True,0,False,False
1764365241.7504404,49,False,True,True,13,True,1,False,False
1764365249.8299932,45,False,True,True,16,True,1,False,False
1764365257.1929512,42,False,True,True,18,True,1,False,False
1764365267.0574975,41,True,False,False,20,False,1,False,False
1764365276.3435688,47,True,False,False,19,False,1,False,False
1764365284.5145435,52,True,False,False,18,False,1,False,False
1764365293.362527,58,True,False,False,16,False,1,False,False
1764365301.4719558,64,True,False,False,15,False,1,False,False
1764365308.6689565,68,True,False,False,14,False,2,False,False
1764365317.4033456,74,True,False,False,13,False,2,False,False
1764365328.9032128,80,False,False,False,11,False,2,False,False
1764365335.773007,80,False,False,False,11,False,2,False,False
1764365344.3761823,79,False,True,True,11,True,2,False,False
1764365351.4013245,75,False,True,True,14,True,2,False,False
1764365360.6713185,70,False,True,True,18,True,2,False,False
1764365370.2514691,66,False,False,False,20,False,2,False,False
1764365378.2787623,66,False,False,False,21,False,0,False,False
1764365386.7242296,66,False,False,False,20,False,0,False,False
1764365394.5669904,66,False,False,False,18,False,0,False,False
1764365402.1687188,66,False,False,False,17,False,0,False,False
1764365410.8568435,66,False,False,False,16,False,0,False,False
1764365417.4587502,66,False,False,False,15,False,1,False,False
1764365427.3088756,66,False,False,False,14,False,1,False,False
1764365438.7044194,66,False,False,False,12,False,1,False,False
1764365445.8160377,66,False,False,False,11,False,1,False,False
1764365453.3783295,66,False,False,False,10,True,1,False,False
1764365460.4747539,64,False,True,True,11,True,1,False,False
1764365468.9261847,60,False,True,True,15,True,1,False,False
1764365477.2823498,56,False,True,True,17,True,1,False,False
1764365483.8158786,53,False,True,True,20,False,1,False,False
1764365493.053568,51,False,False,False,19,False,2,False,False
1764365499.373088,51,False,False,False,19,False,2,False,False
1764365505.3058605,51,False,False,False,18,False,2,False,False
1764365510.6397758,51,False,False,False,17,False,2,False,False
1764365517.0404675,51,False,False,False,16,False,2,False,False
1764365527.2840729,51,False,False,False,14,False,2,False,False
1764365534.9230897,51,False,False,False,13,False,2,False,False
1764365544.790887,51,False,False,False,12,False,2,False,False
1764365551.3893096,51,False,False,False,11,False,2,False,False
1764365558.1088765,51,False,False,False,10,True,2,False,False
1764365563.6576846,51,False,True,True,13,True,0,False,False
1764365572.4743586,46,False,True,True,16,True,0,False,False
1764365578.7091901,44,False,True,True,18,True,0,False,False
1764365590.2757986,43,True,False,False,19,False,0,False,False
1764365598.4412248,48,True,False,False,18,False,0,False,False
1764365605.7214377,52,True,False,False,17,False,1,False,False
1764365614.7236974,58,True,False,False,16,False,1,False,False
1764365623.5087998,64,True,False,False,14,False,1,False,False
1764365631.9946084,69,True,False,False,13,False,1,False,False
1764365639.6482558,74,True,False,False,12,False,1,False,False
1764365647.1783717,79,False,False,False,11,False,1,False,False
1764365654.8882298,80,False,False,False,10,True,1,False,False
1764365661.0361476,78,False,True,True,12,True,1,False,False
1764365668.076961,74,False,True,True,15,True,1,False,False
1764365678.154391,69,False,True,True,19,True,2,False,False
1764365688.377461,66,False,False,False,19,False,2,False,False
1764365697.5732324,66,False,False,False,17,False,2,False,False
1764365704.850867,66,False,False,False,16,False,2,False,False
1764365712.6803436,66,False,False,False,15,False,2,False,False
1764365718.8546052,66,False,False,False,14,False,2,False,False
1764365729.32396,66,False,False,False,13,False,2,False,False
1764365735.2280648,66,False,False,False,12,False,2,False,False
1764365743.1083312,66,False,False,False,11,False,2,False,False
1764365751.8415067,66,False,False,False,13,False,0,False,False
1764365759.4200466,66,False,False,False,12,False,0,False,False
1764365767.5078554,66,False,False,False,11,False,0,False,False
1764365777.001771,64,False,True,True,12,True,0,False,False
1764365786.7093198,59,False,True,True,16,True,0,False,False
1764365795.3177803,55,False,True,True,19,True,1,False,False
1764365802.4052405,51,False,False,False,21,False,1,False,False
1764365813.1147063,51,False,False,False,19,False,1,False,False
1764365819.4311974,51,False,False,False,18,False,1,False,False
1764365829.1178517,51,False,False,False,17,False,1,False,False
1764365836.4981358,51,False,False,False,16,False,1,False,False
1764365843.2780063,51,False,False,False,15,False,1,False,False
1764365853.1441119,51,False,False,False,14,False,1,False,False
1764365859.2511666,51,False,False,False,13,False,2,False,False
1764365864.983651,51,False,False,False,12,False,2,False,False
1764365873.5844445,51,False,False,False,11,False,2,False,False
1764365882.8599787,51,False,True,True,10,True,2,False,False
1764365891.1078625,47,False,True,True,13,True,2,False,False
1764365901.1263163,43,False,True,True,16,True,2,False,False
1764365908.402695,41,True,True,True,18,True,2,False,False
1764365917.6653652,44,True,False,False,20,False,2,False,False
1764365926.7537198,49,True,False,False,18,False,2,False,False
1764365936.1414924,55,True,False,False,20,False,0,False,False
1764365943.6132388,60,True,False,False,18,False,0,False,False
1764365952.8515115,66,True,False,False,17,False,0,False,False
1764365961.865004,72,True,False,False,16,False,0,False,False
1764365970.3626168,77,True,False,False,14,False,1,False,False
1764365979.5126925,80,False,False,False,13,False,1,False,False
1764365986.0194647,80,False,False,False,12,False,1,False,False
1764365994.8653848,80,False,False,False,11,False,1,False,False
1764366004.3468041,79,False,True,True,12,True,1,False,False
1764366013.6224213,73,False,True,True,16,True,1,False,False
1764366020.0387585,70,False,True,True,18,True,1,False,False
1764366030.3582928,66,False,False,False,20,False,1,False,False
1764366039.5904422,66,False,False,False,19,False,2,False,False
1764366046.6983085,66,False,False,False,17,False,2,False,False
1764366054.1300168,66,False,False,False,16,False,2,False,False
1764366064.407588,66,False,False,False,15,False,2,False,False
1764366073.185346,66,False,False,False,14,False,2,False,False
1764366083.151708,66,False,False,False,12,False,2,False,False
1764366089.9954429,66,False,False,False,12,False,2,False,False
1764366096.803854,66,False,False,False,11,False,2,False,False
1764366104.743156,65,False,True,True,11,True,2,False,False
1764366113.3045108,60,False,True,True,14,True,2,False,False
1764366121.277023,56,False,True,True,20,False,0,False,False
1764366128.595318,56,False,False,False,19,False,0,False,False
1764366136.6468225,56,False,False,False,18,False,0,False,False
1764366143.2917993,56,False,False,False,17,False,0,False,False
1764366151.8733282,56,False,False,False,15,False,1,False,False
1764366161.2647572,56,False,False,False,14,False,1,False,False
1764366167.826973,56,False,False,False,13,False,1,False,False
1764366174.704103,56,False,False,False,12,False,1,False,False
1764366183.0557327,56,False,False,False,11,False,1,False,False
1764366193.0013356,55,False,True,True,11,True,1,False,False
1764366201.9644558,51,False,True,True,14,True,1,False,False
1764366208.1961584,48,False,True,True,16,True,1,False,False
1764366218.9869642,44,False,True,True,19,True,1,False,False
1764366227.9715998,42,False,False,False,19,False,2,False,False
1764366235.5942073,42,False,False,False,18,False,2,False,False
1764366243.7985156,42,False,False,False,16,False,2,False,False
1764366250.0504577,42,False,False,False,15,False,2,False,False
1764366256.7340457,42,False,False,False,14,False,2,False,False
1764366267.646591,42,False,False,False,13,False,2,False,False
1764366277.524569,42,False,False,False,12,False,2,False,False
1764366287.0394564,42,False,False,False,10,True,2,False,False
1764366298.5572495,42,True,True,True,14,True,3,True,False
1764366305.703014,43,True,True,True,18,True,0,False,False
1764366312.0645525,45,True,True,True,20,False,0,False,False
1764366318.0331402,49,True,False,False,19,False,0,False,False
1764366329.1794465,56,True,False,False,17,False,0,False,False
1764366340.653721,63,True,False,False,16,False,1,False,False
1764366347.0790832,67,True,False,False,15,False,1,False,False
1764366355.2775037,73,True,False,False,14,False,1,False,False
1764366363.5382159,78,True,False,False,13,False,1,False,False
1764366370.7093472,80,False,False,False,12,False,1,False,False
1764366379.639234,80,False,False,False,11,False,1,False,False
1764366386.275697,77,False,True,True,12,True,1,False,False
1764366395.4449594,72,False,True,True,16,True,1,False,False
1764366406.0845766,66,False,True,True,20,False,1,False,False
1764366415.033342,66,False,False,False,19,False,2,False,False
1764366422.3232512,66,False,False,False,18,False,2,False,False
1764366430.186736,66,False,False,False,17,False,2,False,False
1764366439.4636483,66,False,False,False,16,False,2,False,False
1764366449.6135726,66,False,False,False,14,False,2,False,False
1764366455.8956804,66,False,False,False,13,False,2,False,False
1764366462.3108187,66,False,False,False,12,False,2,False,False
1764366471.4535265,66,False,False,False,11,False,2,False,False
1764366480.6317432,66,False,False,False,10,True,2,False,False
1764366490.1101906,62,False,True,True,16,True,0,False,False
1764366497.9407473,58,False,True,True,18,True,0,False,False
1764366507.4691036,56,False,False,False,19,False,0,False,False
1764366516.4675612,56,False,False,False,18,False,0,False,False
1764366524.5229082,56,False,False,False,16,False,1,False,False
1764366531.079823,56,False,False,False,15,False,1,False,False
1764366540.2252967,56,False,False,False,14,False,1,False,False
1764366550.5464754,56,False,False,False,13,False,1,False,False
1764366556.3501751,56,False,False,False,12,False,1,False,False
1764366564.9064486,56,False,False,False,11,False,1,False,False
1764366574.6175907,55,False,True,True,11,True,1,False,False
1764366584.7209415,50,False,True,True,14,True,1,False,False
1764366596.3537958,45,False,True,True,18,True,2,False,False
1764366604.755438,41,False,True,True,20,False,2,False,False
1764366613.5700855,44,True,False,False,20,False,2,False,False
1764366620.4437401,49,True,False,False,19,False,2,False,False
1764366628.4518616,54,True,False,False,17,False,2,False,False
1764366637.928613,60,True,False,False,16,False,2,False,False
1764366644.7574277,64,True,False,False,15,False,2,False,False
1764366655.8607545,71,True,False,False,13,False,2,False,False
1764366664.261326,76,True,False,False,15,False,0,False,False
1764366674.6884472,80,False,False,False,14,False,0,False,False
1764366684.0450351,80,False,False,False,12,False,0,False,False
1764366690.2284746,80,False,False,False,11,False,0,False,False
1764366697.7722845,80,False,False,False,11,False,0,False,False
1764366707.7435794,77,False,True,True,12,True,0,False,False
1764366714.883478,73,False,True,True,15,True,1,False,False
1764366724.9501905,67,False,True,True,19,False,1,False,False
1764366734.9496543,66,False,False,False,19,False,1,False,False
1764366745.716849,66,False,False,False,17,False,1,False,False
1764366756.4702272,66,False,False,False,16,False,1,False,False
1764366764.448235,66,False,False,False,15,False,1,False,False
1764366769.859633,66,False,False,False,14,False,1,False,False
1764366777.9161594,66,False,False,False,13,False,2,False,False
1764366787.9360368,66,False,False,False,12,False,2,False,False
1764366794.4507766,66,False,False,False,11,False,2,False,False
1764366802.0757556,64,False,True,True,12,True,2,False,False
1764366811.864997,59,False,True,True,16,True,2,False,False
1764366820.5550046,54,False,True,True,19,True,2,False,False
1764366827.8856466,51,False,False,False,21,False,2,False,False
1764366834.8876576,51,False,False,False,20,False,2,False,False
1764366842.4284358,51,False,False,False,18,False,2,False,False
1764366851.1118574,51,False,False,False,20,False,0,False,False
1764366860.7622776,51,False,False,False,18,False,0,False,False
1764366872.0886133,51,False,False,False,16,False,0,False,False
1764366879.3472571,51,False,False,False,16,False,0,False,False
1764366887.2692108,51,False,False,False,14,False,1,False,False
1764366896.9633017,51,False,False,False,13,False,1,False,False
1764366908.3352983,51,False,False,False,12,False,1,False,False
1764366916.9313734,51,False,False,False,11,False,1,False,False
1764366923.066561,49,False,True,True,12,True,1,False,False
1764366932.3046832,45,False,True,True,15,True,1,False,False
1764366939.6808615,41,False,True,True,17,True,1,False,False
1764366946.6366315,41,True,True,True,19,True,1,False,False
1764366952.8654494,43,True,False,False,21,False,1,False,False
1764366962.0295882,49,True,False,False,19,False,2,False,False
1764366972.5246868,55,True,False,False,17,False,2,False,False
1764366981.3551793,61,True,False,False,16,False,2,False,False
1764366988.3185797,66,True,False,False,15,False,2,False,False
1764366995.5872583,70,True,False,False,14,False,2,False,False
1764367003.9885254,76,True,False,False,13,False,2,False,False
1764367012.003314,80,False,False,False,12,False,2,False,False
1764367019.5149956,80,False,False,False,11,False,2,False,False
1764367027.4276476,80,False,False,False,10,True,2,False,False
1764367036.0274496,75,False,True,True,16,True,0,False,False
1764367043.2019265,72,False,True,True,19,True,0,False,False
1764367056.034834,69,False,False,False,20,False,0,False,False
1764367064.7883406,69,False,False,False,18,False,0,False,False
1764367073.7415628,69,False,False,False,17,False,1,False,False
1764367083.4133186,69,False,False,False,15,False,1,False,False
1764367093.480796,69,False,False,False,14,False,1,False,False
1764367104.9536455,69,False,False,False,12,False,1,False,False
1764367113.203812,69,False,False,False,11,False,1,False,False
1764367121.4879541,69,False,False,False,10,True,1,False,False
1764367131.6246054,65,False,True,True,13,True,1,False,False
1764367139.25022,60,False,True,True,16,True,1,False,False
1764367147.2649958,56,False,True,True,19,True,2,False,False
1764367157.975433,54,False,False,False,20,False,2,False,False
1764367166.2184684,54,False,False,False,19,False,2,False,False
1764367171.609748,54,False,False,False,18,False,2,False,False
1764367182.8070292,54,False,False,False,16,False,2,False,False
1764367190.5886323,54,False,False,False,15,False,2,False,False
1764367198.1410544,54,False,False,False,14,False,2,False,False
1764367206.6569352,54,False,False,False,13,False,2,False,False
1764367215.1751308,54,False,False,False,14,False,0,False,False
1764367222.4863954,54,False,False,False,14,False,0,False,False
1764367232.1429503,54,False,False,False,12,False,0,False,False
1764367239.5235002,54,False,False,False,11,False,0,False,False
1764367247.9547179,54,False,True,True,11,True,0,False,False
1764367256.8352084,50,False,True,True,13,True,1,False,False
1764367266.5814683,45,False,True,True,16,True,1,False,False
1764367276.529992,41,False,True,True,19,True,1,False,False
1764367285.969616,43,True,False,False,20,False,1,False,False
1764367294.5154998,49,True,False,False,19,False,1,False,False
1764367306.7407336,56,True,False,False,17,False,1,False,False
